accession	cv_fold
Q867W1	1
Q7SZI7	1
P60568	1
A7VN15	1
Q53NL5	1
Q43871	1
O01949	1
P29026	1
Q8MMH5	1
Q39649	1
Q07654	1
Q8NBL1	1
Q6GU94	1
Q4WZ11	1
Q6UWL6	1
P16636	1
P21814	1
O64411	1
P38660	1
Q9BXJ3	1
Q03405	1
Q63415	1
O08795	1
Q39962	1
Q53B52	1
P00651	1
Q8N6C8	1
P35495	1
O62605	1
P19594	1
Q9Z1K9	1
A0A1L6K371	1
Q06K61	1
A0A8T9EMC0	1
Q8NI17	1
Q25589	1
A0A0A1I6N9	1
O80323	1
H6U1I8	1
Q589G4	1
B1P0S1	1
P05790	1
P43497	1
Q9P246	1
P07994	1
F1AWB0	1
P59938	1
P69770	1
Q969N2	1
D4A540	1
I3LGZ3	1
P81623	1
Q8WP90	1
Q20224	1
P11590	1
Q9NRR1	1
P04925	1
Q8TCT8	1
O02826	1
Q9P2K2	1
Q9NZV1	1
P14209	1
Q6XE38	1
B0CPC6	1
P54803	1
Q8WPJ2	1
P05117	1
G9M8X1	1
P79073	1
P49125	1
P02701	1
P00719	1
O35806	1
Q95NY5	1
O43866	1
P21570	1
P36897	1
Q27309	1
P01588	1
Q9C9H5	1
A9UGV6	1
B3STN5	1
Q76IQ4	1
Q96AP7	1
P02810	1
Q61508	1
P0DSJ6	1
P23438	1
Q924B5	1
P02763	1
P80060	1
Q5JNJ5	1
Q16627	1
Q9BZW8	1
Q8GT41	1
Q62632	1
Q9UBT3	1
Q24824	1
Q6UXD5	1
P81295	1
P40967	1
Q92563	1
Q5D710	1
P11919	1
P23577	1
Q9NZ53	1
Q8JFQ0	1
O62680	1
P08541	1
Q8ISL8	1
Q86LE5	1
Q9UK23	1
P26842	1
Q8H8C7	1
Q95NK7	1
P20333	1
P13611	1
P21128	1
A7L035	1
P86929	1
Q50KB1	1
P60153	1
P18709	1
O35701	1
Q9NR16	1
Q5EPH2	1
Q40975	1
Q9TRM8	1
Q15399	1
Q3UN54	1
P01165	1
A5HAK0	1
P13385	1
Q5UCC4	1
P14217	1
P83508	1
Q9Y251	1
Q96FE7	1
Q96DU3	1
Q9NAX4	1
P18657	1
P02896	1
Q9UVI4	1
Q62813	1
O43155	1
Q9R1T7	1
Q25255	1
Q27967	1
P02462	1
P01076	1
Q9H1M4	1
P25116	1
P15570	1
P05164	1
P02779	1
O88917	1
P01174	1
P83313	1
K9N4Q4	1
Q9LXD6	1
P08069	1
U6BLZ9	1
Q7Z1K3	1
Q7KRU8	1
Q1XG90	1
P80915	1
A0A7M6UMR7	1
D3GDK4	1
P17164	1
A4LAR6	1
Q4V4I9	1
A1X159	1
Q41161	1
Q9GU69	1
P02466	1
Q00802	1
Q9H7M9	1
Q9UPI3	1
Q25423	1
P02240	1
Q06639	1
Q96PN7	1
Q9JM73	1
Q8BL80	1
Q84JU6	1
Q9NZ81	1
Q96HS1	1
Q9XWL9	1
P17883	1
E9EXC4	1
Q9U1H9	1
Q93WE4	1
Q9WU70	1
Q60415	1
P19954	1
P46060	1
Q8SSG3	1
P22141	1
Q96SB3	1
P29172	1
O95997	1
Q9HCU8	1
Q01543	1
Q4V7H8	1
Q99547	1
Q9UJU6	1
Q8H1E5	1
P41002	1
Q9LU21	1
Q96AG4	1
Q9W539	1
P06841	1
P30952	1
Q9LMR3	1
Q2M1K9	1
P49021	1
P53817	1
Q60EC2	1
Q07950	1
P82248	1
Q54BW5	1
P57736	1
P10518	1
Q08605	1
Q9ZV08	1
Q9FJJ3	1
Q9CPZ1	1
Q9UL49	1
P39979	1
P42208	1
P29266	1
Q9BQG0	1
Q9SGA2	1
Q10432	1
Q5SU73	1
P87174	1
Q8IP99	1
Q96VH4	1
Q9SYQ0	1
O95551	1
P19525	1
Q17RH7	1
Q9XI46	1
Q3E772	1
Q15649	1
Q15714	1
Q86XE0	1
Q9Y388	1
Q9I7K6	1
Q9WVS6	1
Q53H12	1
Q9VWW0	1
P47054	1
Q9NR83	1
B7Z0I7	1
Q7XI96	1
Q12297	1
Q9HCJ1	1
Q9UTR1	1
Q9Z2D6	1
O13983	1
Q8IPX7	1
Q9SBK6	1
Q6P087	1
P43582	1
Q9UQ84	1
Q810M6	1
O22152	1
P40477	1
P05626	1
B0F481	1
P32494	1
Q4L180	1
Q9BPY3	1
Q9Y6W3	1
Q9Y2D8	1
Q6GQQ9	1
Q9BSK0	1
P33075	1
Q9LVB9	1
O76329	1
Q9CQ54	1
Q6P4F7	1
Q9DC04	1
Q8RWE8	1
Q9NUM3	1
P39996	1
P53276	1
Q8VHQ2	1
O43909	1
Q14CX5	1
P17655	1
Q8C9B9	1
Q9WTW1	1
P18263	1
Q03825	1
Q9UT48	1
P25441	1
Q15744	1
Q0P5N6	1
Q15477	1
Q9DAD6	1
P42925	1
P01880	1
Q9D7K5	1
P82130	1
Q9VIV2	1
Q5VWP2	1
Q08231	1
O09053	1
P40208	1
P07199	1
Q8IWD4	1
Q01560	1
P42696	1
P91928	1
P25583	1
Q1MTS0	1
Q06506	1
Q5IBH7	1
P38634	1
Q13029	1
F4JW79	1
P90551	1
Q03937	1
Q03776	1
Q8H1U5	1
Q9ZNV9	1
O62203	1
Q06598	1
Q9GZZ9	1
Q8IQG1	1
P04553	1
P0DJH7	1
G5EEM0	1
P33441	1
Q8GW43	1
Q02932	1
P40546	1
O75952	1
Q68G58	1
Q8L627	1
P93009	1
Q3U4H6	1
Q0D3I7	1
A0PJW6	1
Q8NFG4	1
P61460	1
A1YKT1	1
F4JZG9	1
P42731	1
Q9URT4	1
O95180	1
E9EWQ4	1
Q06364	1
P0CU09	1
Q9JMA2	1
O60097	1
Q18412	1
Q7SCZ3	1
O64750	1
Q02206	1
A0A0D1CRD0	1
O14113	1
Q9USV1	1
Q96BQ5	1
Q3U108	1
Q9CPR8	1
O74311	1
Q8VHT6	1
Q27403	1
Q9LU68	1
P39880	1
Q91XT6	1
Q8IY92	1
Q9Y5Z9	1
O01670	1
Q8NF64	1
P53899	1
Q06810	1
O95630	1
Q69YI7	1
O95278	1
Q09228	1
Q9V452	1
Q8WXX7	1
Q10423	1
Q5RHB5	1
A0A445AGS0	1
Q8BZT9	1
P38687	1
Q9CAQ2	1
Q92974	1
Q9Y808	1
Q9GZQ3	1
Q9GZT6	1
Q6UB98	1
Q9SFU0	1
Q9H9Q4	1
Q9H299	1
Q6PB70	1
O24606	1
P46943	1
Q9WTJ4	1
Q8RXA7	1
F4JT76	1
Q05958	1
P79943	1
Q9FFY9	1
Q9BPX6	1
Q2MHN3	1
Q8K2T8	1
O13853	1
P62249	1
Q96B49	1
Q8SWR3	1
O97297	1
Q8LAJ7	1
Q86WQ0	1
Q9Y2L1	1
P34418	1
O14980	1
Q94545	1
Q68CJ6	1
Q9NX04	1
Q12045	1
Q6PFX2	1
Q01501	1
Q80U72	1
A0A509AFM3	1
Q8WVM0	1
Q5T6F0	1
P53060	1
Q15003	1
Q96CM3	1
Q7JWP6	1
P36036	1
Q07688	1
Q04431	1
P13002	1
P38262	1
B6TTV8	1
Q9NSA0	1
Q04613	1
Q9CAF6	1
Q00055	1
Q9LXT3	1
Q6T4R5	1
Q9NXZ1	1
O43325	1
Q9BYB4	1
Q02969	1
Q09739	1
O14122	1
Q8ND71	1
Q03429	1
Q9UT23	1
Q9VTE2	1
O94679	1
Q9FNC7	1
Q9M2V1	1
Q9SU08	1
Q9BY66	1
P33412	1
F4I3V6	1
Q53GL0	1
Q5F2E7	1
Q9P6S5	1
P41046	1
Q99288	1
O59669	1
Q9NYK5	1
P13788	1
Q24478	1
P57680	1
O74462	1
Q91YI1	1
Q9Z0X1	1
O93956	1
P08657	1
Q5VWZ2	1
Q5T890	1
O14464	1
Q96JX3	1
P54785	1
O74386	1
Q9R0X4	1
Q8VY77	1
Q68DX3	1
Q961D9	1
Q9SPI9	1
Q8WZK3	1
Q9URT8	1
P50536	1
Q9UM07	1
Q9MAB9	1
Q76LB1	1
Q9SAC6	1
Q9ZWS6	1
P29692	1
O13851	1
Q96PY6	1
P56287	1
Q12906	1
Q8H0U4	1
P09119	1
Q7SBR3	1
Q9H5J8	1
Q8K2X8	1
Q9DCR4	1
Q12192	1
Q06554	1
G5EDW1	1
O13919	1
O94580	1
Q9ZR07	1
P19536	1
P00950	1
Q8BHN1	1
Q8LPQ9	1
P39706	1
Q93YF5	1
Q9NY25	1
Q9JJ28	1
Q9D3F7	1
O15417	1
Q9Y3V2	1
P20941	1
Q9W157	1
P36144	1
Q3UZ39	1
O80952	1
Q9NUQ2	1
Q9P7X2	1
P09547	1
P11325	1
P24642	1
Q12219	1
P52593	1
O74331	1
P17665	1
Q12144	1
O80931	1
Q9C757	1
P53292	1
Q8WV28	1
P40154	1
P47149	1
P50091	1
P34077	1
Q9NS91	1
Q921N8	1
Q8N684	1
Q8S9G8	1
Q9GZP8	1
Q8GXD9	1
P36000	1
Q96MB7	1
P01375	1
P23180	1
Q20977	1
Q02764	1
Q8BIG4	1
Q6CLY8	1
Q9H2G9	1
Q9TW65	1
P56778	1
Q9NX47	1
V6CLJ5	1
Q96QF7	1
Q03954	1
E7F568	1
Q9FIG9	1
H9A1V3	1
Q9JHR9	1
Q9S816	1
Q9LTR2	1
Q05515	1
P40917	1
Q9Y7Y5	1
Q9BWW7	1
Q8VC04	1
A0A2R6X6S3	1
O94478	1
Q00381	1
Q12361	1
Q10474	1
Q08202	1
P78316	1
Q1K5R0	1
P87227	1
P42774	1
Q8GXH3	1
Q86TW2	1
Q99P21	1
Q15038	1
Q5D869	1
P32524	1
Q386F1	1
O43008	1
Q9Y2D9	1
O74469	1
O94603	1
P81269	1
P06803	1
Q9FKB5	1
Q9ESV1	1
Q12242	1
Q06213	1
P57088	1
Q04749	1
Q12510	1
Q54ET6	1
O02073	1
Q9NVH2	1
P20143	1
P33400	1
Q9SRK5	1
Q99MR6	1
O64827	1
Q39161	1
Q22557	1
Q9BR61	1
P81900	1
Q9FLL1	1
A1A519	1
O75955	1
P10069	1
K9NVA6	1
Q9LVA9	1
Q09823	1
Q2HJ10	1
Q9EQW6	1
Q3T9M1	1
P46938	1
Q7LDG7	1
Q04728	1
B8BDQ4	1
Q9UUD1	1
P38872	1
Q19253	1
Q5TAQ9	1
P16521	1
P53955	1
Q6NVG5	1
Q53GL7	1
P31228	1
Q8H110	1
O23875	1
Q05949	1
Q66K74	1
Q922B6	1
Q9M591	1
Q9M9V9	1
Q9FJI5	1
O43083	1
P40085	1
P11914	1
P40502	1
Q96JP5	1
Q587E3	1
Q9P0K7	1
Q9P2D8	1
Q8TC90	1
Q8NI36	1
Q23229	1
Q96524	1
P19263	1
Q92565	1
Q95RA8	1
Q9U213	1
Q3E798	1
Q8R400	1
Q9U1H0	1
P92792	1
Q147X3	1
P51949	1
Q90X64	1
P19407	1
Q5ZEF1	1
Q9VGL8	1
Q8WXX5	1
Q9NYP3	1
P92949	1
P47069	1
Q9BUZ4	1
P42073	1
P86452	1
Q5HZG9	1
P49756	1
P48512	1
P38162	1
P56282	1
P70582	1
O74350	1
Q6T938	1
Q9SKZ5	1
Q9D385	1
Q1ZXQ0	1
Q9FFC7	1
O15084	1
Q9LEK8	1
P83565	1
P32833	1
Q16629	1
Q5T197	1
P43569	1
Q8VZA0	1
O75127	1
P38818	1
Q06089	1
P43124	1
P36632	1
P53239	1
O13915	1
Q93Y52	1
P12294	1
O73622	1
O43299	1
B5KM66	1
G5EFY7	1
Q6P1K2	1
P01872	1
P92276	1
O14350	1
P03896	1
Q9HB21	1
Q7Z6G3	1
Q18616	1
O82357	1
Q9NZC9	1
Q9LHF5	1
Q5XJV7	1
P06652	1
P39689	1
Q791V5	1
Q9FJ17	1
Q6UVM4	1
Q9VRJ0	1
Q5ND04	1
P54103	1
D4AEP3	1
P34253	1
Q4KMM3	1
Q96HA9	1
Q0ZCJ7	1
O60936	1
Q8W4D0	1
Q5Q0E6	1
P50874	1
P0C6T3	1
Q16540	1
Q93WL3	1
P46972	1
Q6AX31	1
Q8LEA8	1
P46677	1
A0A455ZAR2	1
P0CS82	1
P86044	1
Q9LIK9	1
Q96SI1	1
P13653	1
Q9Y2M0	1
O13999	1
Q9W484	1
P13489	1
P15619	1
Q12291	1
F4ISV6	1
Q62261	1
Q9QXM1	1
Q9D6J6	1
O94225	1
O65282	1
Q9U7D5	1
P38851	1
Q9UJ42	1
P19517	1
Q96JB5	1
Q09014	1
Q06563	1
Q9LEV3	1
O70572	1
A0A0N7KIY3	1
Q22355	1
O02751	1
P42838	1
U3H042	1
Q197W8	1
P82352	1
Q69383	1
P53309	1
P47822	1
Q01064	1
Q969S2	1
Q02100	1
Q15652	1
P28625	1
Q12321	1
P10834	1
Q9LTT3	1
Q9VH70	1
Q61233	1
Q8WSR2	1
Q03254	1
Q9Y3C1	1
Q0WP44	1
O14212	1
Q16186	1
Q22002	1
O74880	1
Q39002	1
P36151	1
P47074	1
Q9VGZ5	1
Q86TB3	1
P32500	1
A5A6S6	1
Q6IDB0	1
Q8L9X2	1
Q05779	1
Q64429	1
Q9FJW6	1
P19735	1
Q9JMC2	1
Q9H5V7	1
Q96IZ0	1
O74387	1
Q12981	1
Q9UU76	1
P40688	1
Q9VV87	1
G5ECD9	1
Q9CPQ8	1
O95071	1
Q865Y9	1
Q058N4	1
Q9FFA7	1
P38793	1
Q04370	1
Q80TN7	1
P06785	1
Q96375	1
Q336N8	1
P59942	1
Q84VZ1	1
P97460	1
Q9P2G3	1
F4HVG8	1
Q8S3U9	1
Q9CPX8	1
Q18825	1
S8F0G9	1
O74517	1
P38961	1
P84086	1
P41903	1
G5EEG9	1
Q9H061	1
Q9CQQ7	1
Q920Q3	1
Q9NWT8	1
Q6GLP4	1
Q9FLT9	1
Q8QFX1	1
P35732	1
H3BKT1	1
Q8TAC2	1
Q06152	1
Q92597	1
G5EBR8	1
O00910	1
Q96L50	1
Q5EAW4	1
P06391	1
O94826	1
Q8W234	1
P30307	1
Q9NPJ6	1
P53743	1
Q9P0Z9	1
P50534	1
Q6W2J9	1
Q9NXV6	1
Q91WC0	1
Q1K4P1	1
Q9M280	1
D5LXJ0	1
P28004	1
Q9VXG1	1
P13498	1
Q1H5E9	1
Q9UM63	1
Q12318	1
Q9SE83	1
Q3SYG4	1
O13974	1
Q96RG2	1
Q8VZL6	1
Q9HAI6	1
P37727	1
Q38834	1
A2AKK5	1
P80680	1
Q4FX73	1
Q9LYD9	1
Q12386	1
Q9BZC1	1
P07884	1
O43013	1
Q8N6L0	1
Q6BDR8	1
Q9WUL7	1
O74904	1
Q00497	1
P18480	1
P24752	1
Q10103	1
Q8GUT5	1
Q9BZZ5	1
P48995	1
O43918	1
Q19087	1
Q12493	1
Q9SNB7	1
Q8BG07	1
P09959	1
Q9UT72	1
Q9BXU7	1
P40515	1
Q6ZT62	1
Q8GXF8	1
Q9FI46	1
P53331	1
Q9QZM5	1
O94328	1
Q9BWK5	1
P0CG48	1
Q96H22	1
Q22024	1
P38838	1
Q7K4M4	1
P34981	1
Q09826	1
Q67Y93	1
Q14690	1
Q07807	1
Q52LJ0	1
Q7YQK4	1
O55242	1
P23326	1
Q9UUI6	1
A1Z9G3	1
Q9BRP1	1
Q6P2E9	1
Q8BIA4	1
Q9NRR8	1
Q5JTH9	1
Q96E09	1
O22806	1
Q94527	1
Q9UTL6	1
Q91WK7	1
P28807	1
Q9UBF8	1
P36531	1
P06838	1
Q9SEE9	1
P25649	1
O94632	1
Q86TC9	1
Q2NL27	1
Q8IS98	1
F1QN48	1
Q8VCM2	1
P53246	1
F4JF14	1
Q8GY65	1
Q84Y18	1
Q92621	1
Q9P783	1
Q9WV31	1
Q9Z2N6	1
P70033	1
P03874	1
P27684	1
Q8IVE3	1
Q9Y6H6	1
P38193	1
O77512	1
P24522	1
P53734	1
P51530	1
Q42510	1
Q96KP4	1
Q925N4	1
F4K6X0	1
Q67UU9	1
P39113	1
Q8VDL9	1
O46411	1
Q6P8Z1	1
Q9M297	1
P15315	1
Q8N292	1
Q9H7T9	1
Q94920	1
Q08622	1
P16989	1
P49334	1
Q9LTY1	1
P36527	1
P0CY15	1
Q811H0	1
Q9D2A5	1
P40460	1
Q01981	1
O55028	1
Q8RX78	1
Q9SX65	1
Q9NYF8	1
P28803	1
Q9JKF1	1
Q7ZT47	1
P17106	1
Q5EAJ7	1
G5EDE2	1
Q6LA53	1
D3KY98	1
Q5H9F3	1
P53369	1
Q92508	1
P20290	1
O00463	1
P38790	1
P63036	1
Q9NSN8	1
Q12166	1
Q9NXF7	1
E9Q2Z1	1
Q57UZ7	1
P79015	1
Q80WT4	1
A2ALU4	1
P30048	1
P13469	1
P93788	1
P49435	1
Q07800	1
P38911	1
Q9V3V7	1
P49957	1
P34567	1
Q9VH08	1
A8MPH9	1
O08564	1
Q00IB6	1
Q9Y2Y6	1
Q3ECR7	1
Q9BZJ7	1
O80796	1
Q17602	1
Q06697	1
Q96CM4	1
P41073	1
Q8L557	1
Q08818	1
P47045	1
P32499	1
Q9R0N6	1
Q2NND9	1
E9P8D2	1
Q7S7R6	1
Q96P11	1
Q9VBW9	1
P53125	1
Q84K96	1
Q15326	1
Q08553	1
Q9P7S7	1
Q2EMV9	1
O14279	1
P28648	1
Q17390	1
P50861	1
O42709	1
A0A2H1VE33	1
P24499	1
Q8LD98	1
Q9H1J1	1
Q94AH1	1
Q10204	1
A9D2P7	1
Q39659	1
Q9LZ60	1
Q9CPY0	1
Q9Y6W5	1
Q8MIR4	1
P16550	1
P26434	1
G5EG51	1
O14730	1
Q8TDB4	1
O43592	1
Q8WV22	1
P53881	1
Q9M670	1
Q9SZR3	1
Q8IZ08	1
Q09LZ8	1
P38208	1
Q09842	1
O60934	1
Q4VAE3	1
P20084	1
Q9SIV2	1
P33308	1
G5EGD2	1
B6VQ60	1
Q9VU77	1
Q9H8H0	1
Q86TV6	1
O94687	1
Q00922	1
Q90Z72	1
Q9FK13	1
Q5TB80	1
P40573	1
P70279	1
Q3EBQ3	1
I3W9F6	1
Q99JZ7	1
C6EUD4	1
P41318	1
Q9Z0Y7	1
Q9Y5Y5	1
Q53S58	1
Q9VJN5	1
Q9XI19	1
O35465	1
P25588	1
P40106	1
P32357	1
Q96N21	1
P05066	1
Q23973	1
Q64471	1
P43606	1
Q9VKD7	1
A8WFJ9	1
P15340	1
P43554	1
Q7ZW57	1
Q86VI4	1
Q8NCN2	1
Q9FEC4	1
Q9VHI4	1
Q3UP24	1
Q924H7	1
A8J785	1
P50531	1
O14013	1
Q96SK2	1
O13710	1
Q12309	1
Q22618	1
P53083	1
Q9NQZ5	1
Q31708	1
Q8BYM8	1
Q0WQG8	1
Q08753	1
B9DHG0	1
P29083	1
O74443	1
Q8IU99	1
Q64442	1
P53540	1
Q9FZ96	1
P0C2B9	1
Q9H307	1
O59773	1
O48782	1
Q06608	1
Q03281	1
Q8WXE1	1
Q03220	1
O14215	1
Q91XU0	1
Q91V81	1
Q8RWD5	1
Q9P258	1
Q9ULZ2	1
P97367	1
Q10308	1
O55029	1
Q7Z410	1
Q3KP66	1
Q84VX3	1
Q96WW3	1
P50591	1
Q9UMW8	1
Q54XQ2	1
Q6PID8	1
Q05027	1
Q12146	1
Q8BUV3	1
Q9GZS3	1
Q923D5	1
Q12415	1
Q9FNZ5	1
Q03018	1
A0A2R8VHF7	1
Q03713	1
P06267	1
Q9LRI8	1
B7WN96	1
P14164	1
O77264	1
Q9Y237	1
Q08831	1
Q5AMH6	1
Q9VVA8	1
Q9V8P9	1
P92948	1
Q920Q0	1
O45952	1
Q8AWF5	1
Q8AYS7	1
Q04964	1
Q674X7	1
Q9UDR5	1
Q96UP3	1
P29372	1
Q01804	1
Q06148	1
Q04013	1
Q86LG1	1
Q9VAH9	1
Q9H3N8	1
Q7KTX8	1
Q5VWN6	1
Q9VLD6	1
P14908	1
Q06568	1
P91399	1
O15265	1
P25379	1
Q8K136	1
P48634	1
Q8RWG2	1
Q9UGU0	1
Q12247	1
Q9U6M1	1
G5EG44	1
P82349	1
Q1G3K8	1
P25586	1
Q54HC6	1
Q9UUA8	1
Q68G30	1
P34886	1
Q8VZE7	1
Q9BWC9	1
Q9Y5U2	1
G5EEV2	1
Q9FJH5	1
Q9FNJ9	1
P10156	1
Q07930	1
O55207	1
Q8WZ42	1
Q12381	1
Q8VZS6	1
P39103	1
P98078	1
Q9QYK3	1
Q9H008	1
P38127	1
Q1MTQ9	1
P52591	1
Q9EQ61	1
O75586	1
Q96SB8	1
Q9LV14	1
Q8K585	1
Q03790	1
Q9Y7U4	1
Q8T0D4	1
P97855	1
Q16281	1
P01098	1
P32380	1
P34241	1
P62750	1
Q7SA88	1
Q03373	1
Q03200	1
Q9ZU51	1
O13816	1
G5EFY4	1
Q9JI99	1
P11471	1
Q9NY27	1
Q9Z158	1
Q03771	1
Q9UT76	1
P13804	1
Q9N5R9	1
P56192	1
O43542	1
P08635	1
O18412	1
Q96HA7	1
Q9HDB9	1
O13709	1
P40471	1
O77480	1
O75340	1
Q10331	1
Q94K49	1
P34227	1
O54942	1
Q45FA5	1
Q5U5X0	1
Q14CZ7	1
Q9W413	1
Q04839	1
O42647	1
Q9URQ3	1
Q86YD1	1
Q9QZE5	1
Q9C8H3	1
P07253	1
Q0VDF9	1
P46310	1
Q9Y2I1	1
J9VQC4	1
Q91836	1
P25846	1
Q969L4	1
P53804	1
A3BK75	1
Q60817	1
P40002	1
Q6IR34	1
P25028	1
Q8BGD7	1
Q10FT0	1
P53507	1
Q8IYL3	1
O43557	1
Q9ZUT3	1
Q20716	1
Q5SFM8	1
Q9NZE8	1
Q54ER9	1
P25578	1
Q96T23	1
Q04005	1
V5IM94	1
P32179	1
Q6P7B7	1
Q8CG46	1
Q1ACB3	1
Q05123	1
Q9NUQ6	1
Q6AVI1	1
O14929	1
P47821	1
O60174	1
Q1K730	1
O74740	1
Q9SZ63	1
O60141	1
B4FUP5	1
Q05024	1
P0DPI2	1
C4R4G9	1
P18074	1
Q04116	1
P25992	1
P35194	1
Q6IEG0	1
A4D126	1
Q8CH19	1
Q06604	1
O88892	1
P0DKB9	1
B2D6P4	1
Q7K3D8	1
Q02685	1
Q23064	1
Q9WU79	1
Q9V629	1
Q9UH99	1
Q96QP1	1
Q9NYL2	1
Q9C5J3	1
D2K8N5	1
Q8NFJ6	1
Q9SXZ2	1
Q69YH5	1
Q8N635	1
O14146	1
Q9D328	1
Q15078	1
Q64727	1
P10355	1
Q9SIY3	1
Q8IEG9	1
P18289	1
O74792	1
O94868	1
Q3MHJ5	1
Q2LAE1	1
Q09847	1
O08590	1
P50896	1
P0DJH6	1
P38874	1
Q9UQC2	1
Q96IR7	1
B6HQN4	1
P34283	1
Q9S758	1
P32962	1
E9Q7G0	1
P53212	1
Q10198	1
P06813	1
P53903	1
Q60680	1
Q9FWR4	1
Q9VT00	1
Q7S2H6	1
Q92619	1
Q96T49	1
Q86UB2	1
P53077	1
Q9UNQ2	1
Q8IVS8	1
P21580	1
Q9VMA3	1
Q8N2H3	1
Q9Y4R8	1
Q9VVV9	1
O49687	1
Q9SII9	1
V5IRA3	1
Q5SS91	1
Q9D5V6	1
P25573	1
O75529	1
O95786	1
Q15847	1
P38705	1
Q52M58	1
Q9DBD5	1
Q9UTT2	1
P40847	1
Q9ZQS5	1
P80147	1
Q17604	1
P38998	1
Q9SR70	1
Q9UP83	1
Q9LSA9	1
Q8BWM0	1
O42804	1
Q504Q3	1
Q9LFV6	1
P36626	1
O35394	1
O81851	1
P54274	1
O74796	1
Q9FFD8	1
Q04748	1
O74828	1
P47929	1
D3ZKB9	1
Q7Z2T5	1
G5EEH9	1
Q4WGE2	1
Q5XG73	1
Q28177	1
Q9UTH3	1
Q9FVR6	1
O54825	1
P21228	1
O80845	1
Q9LUJ3	1
P38632	1
Q9QYE3	1
P38889	1
Q12462	1
Q76FK4	1
Q8L7C9	1
Q12298	1
J9VT33	1
O00291	1
Q9SG11	1
Q6NUD0	1
P56749	1
Q96BY6	1
Q9UHQ1	1
Q9NWH2	1
Q6YSY5	1
Q99MV7	1
Q03219	1
A7TUE1	1
Q3TH73	1
Q8MUF9	1
Q8L7Z0	1
Q7XB51	1
Q84LM4	1
Q8NBT2	1
P38439	1
Q6ZWS8	1
Q9CX60	1
P36421	1
Q9Z1A5	1
Q6XUX1	1
Q03640	1
Q9LW26	1
O14036	1
Q5BJF2	1
Q99M87	1
Q585P3	1
Q20024	1
P35244	1
Q9H3F6	1
O14880	1
Q9P7U2	1
Q86MA2	1
A1Z9P3	1
O74846	1
Q10223	1
O43819	1
G5ED29	1
Q7XJM2	1
P49754	1
Q6I9Y2	1
P18412	1
Q9VLJ8	1
Q9Z0P7	1
Q9BSD3	1
Q96EV8	1
P10080	1
P83510	1
Q10740	1
O14079	1
Q8NFZ0	1
P53184	1
Q9H334	1
Q39261	1
P01100	1
Q09967	1
Q1G3I2	1
G5EDT1	1
Q9DA19	1
Q12167	1
Q8IU60	1
P40169	1
P57743	1
P32862	1
P36517	1
P60323	1
Q8R5A3	1
P38628	1
P49590	1
O80683	1
Q15466	1
Q9ERV1	1
Q53GS7	1
Q9XI00	1
P09364	1
Q12084	1
A0A2K8FQU5	1
P40019	1
P70372	1
Q09406	1
P40547	1
Q90Z80	1
O75387	1
Q9USJ8	1
O94818	1
A4F267	1
Q965H3	1
P38852	1
P53061	1
Q96D96	1
Q6A028	1
O14737	1
Q9UID6	1
Q6PCM1	1
Q7XJJ7	1
Q920A7	1
Q00653	1
B9DGI8	1
P48629	1
Q86VP1	1
Q9ZW33	1
P21757	1
Q6P1J9	1
P53784	1
P25451	1
Q9LV85	1
Q9DB96	1
Q9HBH1	1
Q9QZN9	1
P48240	1
Q9H3P2	1
Q9HGK2	1
Q5SRY7	1
A0A1B0GUW7	1
P40493	1
P40345	1
Q01519	1
P47130	1
F4I2H7	1
Q8RY16	1
Q80T69	1
Q62100	1
Q15916	1
Q6VY05	1
P38241	1
P38772	1
Q86QT3	2
Q8MI35	2
Q8T1G4	2
P01297	2
P55000	2
Q6UXB2	2
Q99944	2
Q84UV8	2
Q99935	2
Q9GQV7	2
P16882	2
Q9UAH3	2
Q9Y5Q6	2
P07439	2
O75629	2
Q08127	2
Q6E0U4	2
P79263	2
Q29381	2
Q86WA6	2
Q12127	2
Q969Z4	2
P81702	2
Q95P08	2
P10764	2
Q96LA5	2
Q99013	2
P02814	2
Q969J5	2
Q969P0	2
Q9NRM6	2
P04062	2
Q5AMT2	2
P10675	2
Q8WWA0	2
P19427	2
P82384	2
P08091	2
P81492	2
P17697	2
Q96HE7	2
P15196	2
Q96KN2	2
P41543	2
Q01965	2
Q08738	2
P0CS93	2
Q13478	2
P10762	2
E0XKJ8	2
Q5GQ85	2
Q8LD43	2
P82143	2
Q8NBK3	2
P24821	2
P01070	2
Q9BZM5	2
Q13145	2
P58154	2
Q6UW32	2
P16150	2
P09486	2
Q5FWE3	2
O18994	2
Q99969	2
D7UQ40	2
Q8T0W8	2
Q02809	2
Q27972	2
P27797	2
O94985	2
A0A0R4I951	2
Q62598	2
P82900	2
Q9XSW3	2
P08833	2
Q9UBN6	2
Q63191	2
Q90WJ9	2
Q71DJ5	2
Q15768	2
O55038	2
Q9Y5U5	2
P22388	2
Q6UX27	2
P08236	2
A1XCI9	2
Q9UAD0	2
P09479	2
Q5ZPR3	2
O76537	2
P32472	2
P36980	2
P20774	2
Q7M4T0	2
P06911	2
Q8MI01	2
Q02862	2
P26732	2
Q6UXK5	2
Q9M373	2
Q99372	2
P02790	2
Q96HF1	2
P07457	2
O95157	2
Q8MMH3	2
Q90W22	2
P78581	2
Q8NK90	2
Q13162	2
O13547	2
Q42656	2
Q76FB0	2
Q8T4J9	2
P86798	2
C0HLA0	2
Q61885	2
Q95JC9	2
Q01129	2
P29022	2
P42705	2
Q26994	2
Q8NBI3	2
O96059	2
P06865	2
O46432	2
Q96BY9	2
Q8BHP7	2
P00687	2
P11911	2
P01168	2
P06681	2
F1N5C8	2
Q86YD3	2
P53616	2
P80109	2
Q6UW88	2
Q8NC67	2
A0A2I8B346	2
Q16552	2
Q9H293	2
P04119	2
P45590	2
P0DUT0	2
P14630	2
P10163	2
Q14773	2
G4ZHR2	2
P22894	2
Q9VA83	2
Q9U8X3	2
P34746	2
Q10NX8	2
Q99ML8	2
Q8VCS0	2
O42807	2
Q9UBP4	2
G3MYZ3	2
Q96BF3	2
P22864	2
P51654	2
Q6UW10	2
Q9TY95	2
P29320	2
Q9V496	2
O62644	2
P21828	2
P12729	2
P09586	2
Q6UWI4	2
P30659	2
P25291	2
P07359	2
B0XRV0	2
Q27908	2
Q9FN52	2
P78549	2
P43605	2
P82658	2
Q8CC88	2
Q99LW6	2
Q90578	2
P62128	2
P11978	2
P32585	2
Q9W3E2	2
Q95Q39	2
Q96QD9	2
Q08B36	2
Q8K330	2
Q9WU12	2
Q5EBL4	2
P40571	2
Q5VZV1	2
P08970	2
P14291	2
Q8H1Q1	2
Q9BQ65	2
Q9V463	2
Q9USX8	2
Q84TH9	2
Q6PJ21	2
Q61115	2
Q02614	2
Q8IWV1	2
Q9Y253	2
O94609	2
Q15024	2
Q96QF0	2
Q708Y0	2
Q5VW36	2
Q9SB31	2
Q9FH37	2
P20676	2
Q9P7E0	2
P23116	2
P54198	2
Q9SU05	2
Q9FYT6	2
Q84JF5	2
D4A2Y9	2
Q9MZ03	2
Q8BMB0	2
P53154	2
Q7SIG6	2
P49419	2
Q53TN4	2
P21651	2
Q24JJ9	2
Q93W77	2
P25298	2
Q9LTW4	2
Q2TAL8	2
Q86TG7	2
O14802	2
O76075	2
Q5YDB5	2
Q80TH2	2
Q6ID70	2
P0DI83	2
B9FDE0	2
Q6ZTU2	2
Q9SLJ2	2
Q9NVH0	2
Q6P5E8	2
G3XA57	2
Q9SIE1	2
Q6VMQ6	2
Q99598	2
O74317	2
Q9SNX8	2
A8CVF3	2
D3U717	2
Q15543	2
Q9Y6P5	2
Q96HI0	2
Q32NC0	2
Q96TL7	2
Q8RWV3	2
Q6ZY51	2
Q8LAP6	2
Q21691	2
O43313	2
Q93062	2
Q05583	2
Q9H0A8	2
Q03327	2
Q4KMQ1	2
Q6IDA6	2
Q02796	2
Q9VH07	2
Q9LSC4	2
P07954	2
Q15120	2
P20436	2
Q9LEX1	2
Q91YE8	2
Q9NX08	2
Q3KN41	2
Q9Z110	2
Q08047	2
Q9H4B6	2
Q9NVT9	2
B1AXD8	2
Q8W489	2
Q7Z412	2
Q94JV5	2
P04080	2
Q9Y2X0	2
Q9LR78	2
Q9P2D0	2
P12954	2
P11943	2
Q9Y239	2
P53208	2
Q8WXC6	2
Q5T440	2
A6H8Y1	2
Q6B860	2
P28795	2
P51808	2
Q9DCX2	2
O94664	2
Q9BVJ7	2
Q8LJT8	2
Q5VWQ8	2
O74954	2
Q9FFH0	2
Q24573	2
F4ICK8	2
P38172	2
Q9C7C4	2
P33339	2
Q06623	2
Q13049	2
P40532	2
P41958	2
O94308	2
Q9S814	2
Q18919	2
Q02873	2
Q8W3L1	2
Q8C6L5	2
C0HM83	2
O76616	2
Q9NX55	2
Q70EL2	2
Q02770	2
Q8IYM2	2
Q6B9X6	2
P32570	2
Q9FGS4	2
Q6ZQX7	2
P53930	2
Q5SY16	2
Q6NLQ7	2
Q8W4F1	2
P05982	2
P52792	2
Q23529	2
P42736	2
Q9NZD1	2
Q8GWA7	2
Q9I9B9	2
Q07307	2
Q949J1	2
Q9Y2D1	2
Q8VYD4	2
Q9UTM0	2
O70433	2
Q9VEX5	2
Q02038	2
P36521	2
Q63425	2
Q03323	2
Q08024	2
P11115	2
Q9NY87	2
P0C2C1	2
O13803	2
P94077	2
Q6P9H5	2
P40164	2
Q8R4F0	2
Q9H3K6	2
Q06991	2
Q91YE5	2
Q99188	2
Q940Z2	2
F4IY62	2
P25638	2
O74544	2
E3VNM4	2
Q42496	2
Q9ZV06	2
Q08702	2
P91082	2
Q37708	2
Q04712	2
Q9NS73	2
Q8IX15	2
Q19872	2
P11031	2
O46101	2
P19973	2
Q04411	2
P39685	2
Q6XQN6	2
P25443	2
Q9H816	2
Q08230	2
Q9JKY0	2
Q8N1N2	2
P54074	2
G2TRN4	2
P47096	2
P53187	2
P38870	2
P53136	2
Q9Y287	2
Q9UMX3	2
P37225	2
Q9NTM9	2
P30776	2
Q6PP77	2
Q9VQK4	2
Q9Y448	2
O75937	2
Q9CQ69	2
Q12416	2
Q6PE84	2
P26755	2
Q00873	2
O14246	2
P54654	2
Q7KRI2	2
Q7KZN9	2
P53568	2
Q4WN10	2
F4IDB2	2
G5EGS7	2
Q09675	2
Q8MIR0	2
P34260	2
Q8VE70	2
Q96SW2	2
P16467	2
A2ASQ1	2
P57093	2
P27882	2
Q12363	2
Q9USY8	2
Q10274	2
Q67UR2	2
Q8ST83	2
O88843	2
Q9LUA3	2
O14285	2
P26188	2
O04479	2
Q91XJ0	2
Q9UT91	2
Q7TP54	2
Q96TC7	2
Q92353	2
Q53H47	2
H2L0N8	2
P38281	2
P38855	2
P78953	2
P34225	2
Q8BGW1	2
O94916	2
Q03702	2
Q562E2	2
Q5HYJ3	2
P35192	2
A8MUP2	2
O64973	2
Q05543	2
Q08421	2
Q80X86	2
Q9DBA9	2
Q9LYG9	2
Q96NR3	2
Q68FX6	2
Q24167	2
Q6UEG8	2
Q9BUH6	2
Q6S5G3	2
P17353	2
Q9URQ5	2
Q10210	2
Q9Y3E5	2
P78508	2
Q9VY78	2
O43586	2
Q14451	2
Q9BU64	2
Q6UW78	2
Q921G6	2
Q9UKN8	2
Q08683	2
Q12283	2
P83111	2
Q07053	2
Q9GSF8	2
Q8W4B2	2
P21951	2
P38769	2
Q9WUF3	2
Q54QQ1	2
Q8K3D3	2
P36163	2
Q12094	2
Q810F1	2
Q8VDF2	2
Q9QVP9	2
A0A509AQ68	2
Q9SI37	2
P41779	2
F4KFT7	2
O43818	2
Q9BQ95	2
C0HME5	2
Q9Y228	2
Q3URD3	2
Q7XA07	2
Q96CA5	2
P53877	2
Q9P6L9	2
Q91Z31	2
Q9HAZ2	2
P32451	2
P22438	2
T2BMW7	2
Q1MTN9	2
Q7RYW7	2
Q86TS9	2
Q8IXW5	2
Q5TGY3	2
Q6Q4H1	2
Q9TYY7	2
Q8L3P4	2
P53298	2
Q12179	2
P41695	2
Q8BUX5	2
P42566	2
Q9LXF3	2
O15164	2
Q18490	2
Q62264	2
O80386	2
P40543	2
Q8N4T4	2
Q96JB3	2
Q9SA14	2
Q99PU7	2
Q9LK57	2
Q0WVF8	2
P87054	2
Q10164	2
O14291	2
O81242	2
Q04006	2
P93045	2
Q16773	2
A2AAJ9	2
Q8RXD9	2
Q96MT3	2
K4PW38	2
Q03673	2
B2C6R6	2
Q9SUT5	2
P49662	2
P82925	2
Q9FZD1	2
Q2V3L3	2
Q1MTQ0	2
Q9Y252	2
P29350	2
P97481	2
P18887	2
O95782	2
P53886	2
P53919	2
Q80TR8	2
Q90ZN1	2
G5EEQ5	2
P40155	2
Q86XI2	2
Q9LJ87	2
P38801	2
Q9BPX3	2
P23610	2
Q3U9N9	2
Q7XYY2	2
P51864	2
P43244	2
Q21773	2
P40166	2
P25054	2
P38222	2
Q6UN15	2
Q05016	2
P43246	2
Q8W4L5	2
Q3ZBF3	2
Q9SS80	2
Q08157	2
O00623	2
G8GJ94	2
P22194	2
P29084	2
Q8MMZ7	2
Q9P7J2	2
P17812	2
O55035	2
O00625	2
Q08887	2
Q7YZH1	2
Q80ZD3	2
P25332	2
Q99NI4	2
P42356	2
O14893	2
Q9Z266	2
Q04894	2
P22068	2
Q8RXH2	2
Q08580	2
P21827	2
P33749	2
Q96M94	2
Q11184	2
Q03798	2
P48015	2
Q8IWL8	2
P0CT58	2
P00480	2
B2AFA8	2
Q9U3D6	2
Q8H1F7	2
P12956	2
Q9H0E3	2
Q8C6P8	2
P09081	2
Q54HS3	2
Q9LQ02	2
Q14D04	2
Q00341	2
Q91WW3	2
Q9FR37	2
Q9VGA4	2
Q1K7L7	2
P30038	2
Q6NLC1	2
P78963	2
Q9NWQ9	2
P80470	2
Q8L7E5	2
P79083	2
Q02455	2
Q8WV41	2
Q9VUF8	2
Q32SG5	2
Q9NYG5	2
Q8RWL4	2
P24391	2
Q9JIQ3	2
Q9SV55	2
P16458	2
Q7K4V4	2
P19538	2
O96624	2
Q8TDG4	2
P70174	2
Q02793	2
B8B0E2	2
P56780	2
Q6NV75	2
Q91Z67	2
Q156A1	2
P53168	2
Q8BJA3	2
P35183	2
G5EEG7	2
Q9LZD0	2
Q7S5M7	2
P40368	2
Q9BVL4	2
Q14498	2
Q6PAC3	2
P46059	2
Q9H7Z3	2
Q03615	2
Q8VHW8	2
Q9SCL7	2
Q6PCQ0	2
Q5VY09	2
Q9SHE8	2
Q84TH4	2
Q9CQ86	2
Q23500	2
Q9UL03	2
Q05636	2
Q8WWV3	2
Q92759	2
Q04781	2
P99028	2
O94450	2
Q9VKM1	2
Q9VYQ0	2
Q14249	2
Q94A68	2
Q96DN6	2
Q9ZQH0	2
P78540	2
A2AIL4	2
O13985	2
Q8N5G0	2
Q9YHT2	2
O88492	2
P97346	2
P36069	2
J9VE33	2
P16862	2
P34707	2
O94519	2
Q9ES52	2
Q9H8E8	2
Q86X51	2
A0A0K3AR81	2
F4HYF3	2
Q9S713	2
Q9CQ29	2
Q8IRB5	2
H2KYU6	2
P53139	2
Q06683	2
Q8CHP0	2
P0CT67	2
Q0GGX2	2
P22561	2
P26717	2
Q08119	2
P03069	2
Q9BZE9	2
O17514	2
O48847	2
Q6PB66	2
O60239	2
Q9VF30	2
Q07589	2
Q16533	2
O13881	2
Q9S7B5	2
P0DO23	2
Q5S006	2
P47102	2
Q8LBB2	2
Q8IZV2	2
P82162	2
P25368	2
Q2M2T7	2
Q9P0N9	2
Q9UTR8	2
Q80UF9	2
O74535	2
Q94515	2
P40968	2
P38532	2
Q9HGN4	2
Q96DI7	2
Q9Y2G0	2
Q8VY74	2
Q38893	2
P40387	2
Q8CDY7	2
Q96P48	2
P07271	2
Q8BVE8	2
A1A6M1	2
P46946	2
P11020	2
P52566	2
Q10574	2
Q96JM7	2
Q12107	2
P46970	2
Q9SJW9	2
Q1RMW2	2
P82139	2
Q12036	2
A0A120KVW2	2
Q9WTQ8	2
Q86WB7	2
J9VP29	2
O36024	2
O14776	2
Q96P66	2
Q9VJV8	2
Q91WE2	2
Q9SEL7	2
Q9BSF8	2
Q8WUF5	2
Q8IEF6	2
G5EF68	2
Q9UT19	2
Q09776	2
Q7M2P1	2
P06454	2
Q9NUL7	2
Q5A287	2
Q4VC33	2
Q86TG1	2
B9DFX7	2
O81208	2
Q9SE43	2
Q08176	2
Q09904	2
O43822	2
Q86YI8	2
Q9P7G0	2
P11596	2
P49793	2
Q9ZSZ8	2
Q9BPW8	2
Q9NRZ7	2
Q16617	2
A0A3Q7HWE4	2
Q6XR72	2
P32344	2
Q9ESE1	2
P57080	2
P38242	2
Q92341	2
J9VIL4	2
P39927	2
O13326	2
Q07878	2
P06105	2
P53114	2
Q9HCS7	2
Q9P0P8	2
Q6PIV2	2
Q62384	2
O00198	2
Q9W3M3	2
O94255	2
A0A509AER3	2
Q9C829	2
Q9SDW0	2
Q9C5G0	2
Q5ZEP9	2
Q19969	2
Q8TEX9	2
P25042	2
Q0WPZ7	2
O62090	2
A0A143ZXM2	2
P61244	2
P13405	2
O44476	2
A1Z830	2
U9W802	2
O75665	2
P36402	2
F4JMV6	2
P97838	2
Q91VH1	2
Q53AQ4	2
Q96BR5	2
Q9FJF4	2
Q96MI9	2
Q9NW15	2
Q8WVY7	2
Q8CJ27	2
P04271	2
Q9D011	2
Q9NZP6	2
P30419	2
Q08215	2
Q8K3W2	2
Q9Y7Q6	2
O43082	2
O15287	2
Q9VLL3	2
P20052	2
Q8R139	2
A0A486WWJ9	2
Q12104	2
P49686	2
Q9W1X4	2
Q9NWZ8	2
B8BNY7	2
P82094	2
Q9JK24	2
Q9TYT3	2
Q04049	2
P16547	2
Q9BRA0	2
A4FUC0	2
P40508	2
O14894	2
Q9BZF1	2
Q8TD19	2
Q9FJV5	2
P32493	2
P40079	2
P47050	2
Q03151	2
P18494	2
Q7S5W0	2
O94301	2
P53724	2
P38988	2
Q1M168	2
Q7FZF1	2
P25569	2
Q9VX09	2
Q1HTZ9	2
Q00757	2
A1Z8D0	2
Q8TAX9	2
O96623	2
Q02457	2
Q9Y5B8	2
Q9JMI1	2
Q02772	2
A0A2H1A5W4	2
O60356	2
P22224	2
Q9JIH2	2
Q6RVV4	2
Q8BM47	2
Q20929	2
Q9HDZ3	2
Q5M731	2
Q3E6R5	2
Q99590	2
O00712	2
Q9XIK0	2
Q12199	2
Q96I23	2
Q5M775	2
Q9BTL3	2
B1AUS7	2
P68040	2
Q9UUI3	2
Q5XF06	2
Q9UNE7	2
Q05683	2
Q9ESC8	2
Q06505	2
Q388D2	2
Q8BZA9	2
Q7RWZ7	2
Q0WMY5	2
Q96C01	2
Q8IUH3	2
Q96EY5	2
Q84VQ4	2
P47988	2
P28805	2
Q9Y6D0	2
Q9USL4	2
Q5U117	2
P40548	2
Q9VBX1	2
P17861	2
Q06497	2
P23611	2
P70444	2
Q1MTR2	2
P54857	2
Q9CX80	2
Q7Z3K3	2
Q8R4P5	2
Q96A72	2
P49454	2
P97931	2
P43594	2
A0A161CFW5	2
Q96GN5	2
Q15049	2
A2IDD5	2
Q9BY77	2
F8VPN2	2
L0R6Q1	2
Q9URY2	2
P49789	2
Q15257	2
Q8H1D3	2
P87231	2
Q96BY2	2
O95714	2
A0A2R8Y7D0	2
O74461	2
Q9CA42	2
Q9NRA8	2
Q8L7E9	2
Q8I8U7	2
Q09838	2
Q9LRZ3	2
Q99278	2
Q06706	2
Q6P3S6	2
Q8NEZ2	2
Q6Z1Z3	2
Q9NAD6	2
Q03430	2
Q12156	2
P25502	2
P18296	2
O18017	2
Q571I4	2
Q8L794	2
Q61464	2
P33447	2
Q95Y80	2
Q9JL04	2
O65312	2
P38292	2
E9PVX6	2
O75943	2
Q8GUK1	2
D0EL35	2
P60879	2
P46309	2
Q86YS7	2
Q9FGT8	2
Q3SXM5	2
B6HLU1	2
Q9LTB0	2
P40014	2
P53170	2
Q6IDB6	2
P10749	2
Q8LGD5	2
Q5JVS0	2
P20659	2
Q9WTZ9	2
P32048	2
Q12142	2
Q06149	2
P82244	2
P20240	2
O95218	2
Q5VYK3	2
P41930	2
Q7YTB0	2
P30044	2
P40318	2
Q9C0E2	2
E9PXM9	2
Q9SQK3	2
Q9JM05	2
Q94IN5	2
Q26635	2
Q8LPQ5	2
O82277	2
Q8N371	2
Q9SM57	2
Q9UU99	2
Q9HB96	2
Q5F1R6	2
P06526	2
Q12341	2
Q91YT7	2
Q6P756	2
P40090	2
Q9BQP7	2
O75817	2
Q05131	2
Q15785	2
P78965	2
O08759	2
Q3U0V2	2
P08525	2
P26321	2
P32908	2
Q1K548	2
O74957	2
Q8WUX2	2
O74848	2
Q7L8L6	2
Q86B87	2
Q05776	2
P53004	2
P80483	2
Q9Y3F4	2
P51998	2
Q9UKA1	2
P53307	2
Q90ZF9	2
A0A254TZW7	2
P43449	2
Q9P7S3	2
Q96301	2
Q3U5Q7	2
Q9SZD6	2
Q1MTQ7	2
O75131	2
Q63ZY3	2
P18544	2
Q8MSU4	2
A8MQN2	2
Q9P1Z3	2
P31949	2
Q8K4V4	2
Q03370	2
Q9BSI4	2
Q8NHU3	2
O59858	2
P40061	2
P47127	2
Q20733	2
Q86PD7	2
Q56P42	2
Q8C624	2
Q23238	2
P0CW70	2
Q9HB07	2
Q62315	2
P87152	2
P36046	2
Q7L0X2	2
Q9LY66	2
Q03661	2
Q9FEN9	2
Q9GZR7	2
Q5GH62	2
Q6PR54	2
A0A5K1K8Y8	2
Q94521	2
Q94FL6	2
P40565	2
Q18425	2
P34784	2
Q9H4Z3	2
Q9H5F2	2
P53203	2
Q9VZM7	2
Q96LD4	2
Q944Q0	2
O08608	2
Q5AP80	2
P49815	2
Q9Y508	2
P53255	2
O48533	2
Q14693	2
Q9Y266	2
Q7S4E0	2
G5EGA9	2
Q9UNX4	2
O65370	2
P34218	2
Q811I0	2
Q18593	2
Q811A2	2
P42900	2
P34164	2
Q9CQT6	2
Q9QZQ8	2
Q8WVF1	2
Q6LA54	2
P30989	2
Q8C5Y2	2
Q8LFW5	2
P51830	2
Q9P7B8	2
O74381	2
Q5FBB7	2
Q13352	2
Q04089	2
O95163	2
A2ADA5	2
Q9FLI7	2
Q9Y7J1	2
Q9CPU2	2
Q9BXV9	2
Q969F2	2
P40160	2
Q8NAG6	2
P36114	2
P41814	2
P56329	2
Q9W1F4	2
Q9CR51	2
Q9LVM5	2
Q5BKR2	2
Q9ES71	2
O74329	2
Q9ES40	2
Q02732	2
Q09969	2
O35047	2
D3J162	2
Q93VB2	2
Q9GZY4	2
Q96BT3	2
E9Q5F9	2
Q93YU5	2
Q9H7E2	2
P31414	2
Q12259	2
Q8SX83	2
Q6PDX6	2
Q22812	2
Q9SID1	2
Q12774	2
P40065	2
Q13492	2
Q8WY91	2
P11420	2
Q18PE0	2
Q9H7D7	2
P49903	2
Q86XK3	2
Q08923	2
Q8T0G4	2
Q9HD23	2
Q9LR91	2
Q12406	2
Q9UGM6	2
P14618	2
Q8TD31	2
Q9ASV5	2
Q8RVC7	2
Q8N4Q1	2
Q9H2D6	2
Q800K6	2
Q03862	2
Q8GYH7	2
Q15398	2
O23342	2
Q9UHA3	2
P12853	2
Q03468	2
Q9VZL5	2
Q5H9S7	2
O00270	2
P10964	2
E9Q5G7	2
Q6AYD3	2
Q04231	2
P03880	2
O94606	2
O60094	2
P83876	2
Q9NUU6	2
Q6P4R8	2
O04209	2
Q9USM3	2
P35735	2
Q8IYB3	2
Q9USZ4	2
Q9LIQ9	2
B5TYT3	2
Q96L08	2
Q08857	2
Q6ZNL6	2
Q60676	2
Q02486	2
O94411	2
P47167	2
A1ZAW0	2
Q02085	2
Q96WV2	2
Q01852	2
P06746	2
P53140	2
Q6P9B9	2
P82411	2
Q42843	2
C8VP82	2
Q9BRJ2	2
O88845	2
Q8LE98	2
Q9NYY8	2
Q07508	2
O13329	2
Q8N2I9	2
Q34807	2
Q32065	2
Q9D742	2
P36169	2
Q04377	2
P32504	2
O14114	2
P40050	2
O35095	2
Q96SD1	2
O94561	2
Q9NYV7	2
O94761	2
A0A5F8MPU3	2
P07332	2
Q9H410	2
Q9LF68	2
O60779	2
Q7XBS0	2
Q08422	2
Q91VJ5	2
P32198	2
P34706	2
Q9Y4E5	2
P53317	2
Q12089	2
Q14642	2
Q9USR9	2
Q09793	2
Q04177	2
E9QDC5	2
Q95ZL9	2
Q9VSA3	2
Q9VPF9	2
P13280	2
Q5A4H5	2
P16658	2
Q96MF7	2
Q6EIG7	2
G8B839	2
Q9UMY1	2
Q99J39	2
Q3E824	2
P55786	2
O42648	2
Q96E11	2
P84090	2
Q80YF9	2
Q9FGR0	2
Q6NVF4	2
Q8GT66	2
Q5BPF3	2
P40554	2
P40364	2
Q14669	2
Q8IBN8	2
Q9NQC3	2
Q09275	2
P27895	2
Q3E756	2
Q03372	2
Q99L90	2
P34427	2
Q6UB28	2
Q9Y2S7	2
Q9HB71	2
A0A163UT06	2
P82649	2
O43114	2
O35658	2
Q99315	2
Q5NCS9	2
P42935	2
Q5SWZ9	2
Q96KG9	2
D3Z6Q9	2
Q9LF98	2
O49660	2
Q9SNC0	2
P38285	2
Q91VD9	2
P41348	2
O75592	2
Q558Z2	2
Q9SZ42	2
A0A2P1GIW3	2
Q9JHL0	2
Q15029	2
Q12887	2
Q8VIJ5	2
Q09750	2
G3UYX5	2
Q9S752	2
Q9SNB6	2
Q9SD80	2
P86981	2
A8XJ98	2
Q8N8Q3	2
Q8TE02	2
Q6PCP5	2
P43565	2
Q09M02	2
Q969P6	2
P36213	2
P52656	2
Q9C0U3	2
Q9SX85	2
P49906	2
Q8II12	2
Q9FMZ0	2
F4HRV8	2
P70500	2
P98149	2
P40992	2
P38848	2
Q05CL8	2
Q9SQR5	2
P32796	2
Q9S7D1	2
P19541	2
O14216	2
O00287	2
P40995	2
O75204	2
P61793	2
Q9N4U5	2
P14724	2
Q9UBT7	2
Q05192	2
Q9Z1P6	2
V6CLN5	2
O94423	2
Q9QXY4	2
Q4FZC9	2
P17629	2
P35731	2
Q5FWP4	2
Q15464	2
Q00731	2
P20134	2
Q70EL3	2
P82929	2
Q00912	2
D6VTK4	2
Q64267	2
Q9FFG0	2
Q8MLZ3	2
P70169	2
Q86WR0	2
P09007	2
P83211	2
Q9BQ48	2
B2RZD2	2
Q9UH77	2
Q8BMD2	2
Q96VH5	2
P35195	2
P30943	2
Q9WTR1	2
Q06139	2
Q9HE07	2
P54310	2
O94614	2
Q9LXX5	2
Q3KRA9	2
P87233	2
P36011	2
Q07395	2
Q9VSB9	2
Q8BXP5	2
Q9NGX9	2
Q95RQ8	2
Q9LDD5	2
P82970	2
Q01329	2
Q84VG7	2
O35387	2
Q9H4I3	2
Q8NCG7	2
Q8IHY1	2
Q12382	2
Q09924	2
A0A0F7G352	2
Q00723	2
O13834	2
Q9BSF4	2
P17890	2
Q84N48	2
O75575	2
Q16774	2
Q9P2N6	2
Q62847	2
P53920	2
Q5PT50	2
Q96DX5	2
Q52K88	2
Q57X81	2
Q9Y4K3	2
P40087	2
Q7KMJ6	2
Q04087	2
Q7TNT2	2
O14141	2
Q9JMB1	2
Q0J995	2
Q05942	2
O59744	2
P16554	2
P53167	2
Q62504	2
P40344	2
Q86MV5	2
Q9BTF0	2
Q8IY42	2
P33076	2
Q0IIM8	2
P06774	2
Q9VPT4	2
Q9SI64	2
W8JWV8	2
P53944	2
P47006	2
Q9Y5B0	2
P40535	2
Q04751	2
P28656	2
O75689	2
Q8K4H1	2
P49704	2
Q10360	2
F4INA9	2
Q06236	2
Q8TDV2	2
Q8K1Z0	2
Q8IYT2	2
Q9P267	2
P53725	2
Q94535	2
Q9QXK9	2
P09021	2
P08468	2
Q9H2K2	2
Q5T4T6	2
P38749	2
P98200	2
Q923W1	2
P30997	2
Q9QX75	2
P47084	2
Q94230	2
P53063	2
Q6WNK7	2
Q39134	2
P42841	2
Q9M9U5	2
Q8TDT2	2
P51906	2
P29547	2
Q7Z713	2
Q9NR21	2
Q8VYZ5	2
O13046	2
Q9SMX1	2
Q12106	2
Q9C7G6	2
Q93009	2
P48039	2
Q9VQI9	2
O00257	2
Q09094	2
Q9LKA0	2
Q9FX53	2
Q8BQR4	2
Q9Y2M2	2
Q96PP9	2
Q6IPU0	2
P14712	2
O23247	2
P31376	2
Q9URV9	2
P32898	2
Q6RFH5	2
P78317	2
Q9FKP4	2
Q80T79	2
P56765	2
P21771	2
O14519	2
Q9NVI1	2
P03968	2
P08050	2
P43619	2
Q9ES73	2
P22293	2
Q6DKI7	2
P31539	2
P98182	2
Q12252	2
P97577	2
Q99LG4	2
P25208	2
P49769	2
P55264	2
Q6P8X9	2
Q9SR77	2
O13992	2
O74354	2
Q40477	2
Q8ITW8	2
Q6P926	2
Q5SSW2	2
Q7SIB8	2
Q9NQX1	2
P33307	2
Q96JM3	2
Q9C4Z7	2
Q9Y244	2
Q9VRP5	2
Q9STY0	2
O14210	2
Q8LDU1	2
O17850	2
P40923	2
Q20497	2
Q681Y3	2
A3KPQ7	2
Q8IS16	2
Q8K0U4	2
Q57V03	2
Q10571	2
O14492	2
P19335	2
Q8NDD1	2
Q94AN2	2
Q41142	2
Q8IWZ6	2
P53107	2
Q1EHW4	2
Q96B77	2
Q96GJ1	2
P38850	2
Q8IZA0	2
Q7SHB2	2
Q12102	2
Q9ASW3	2
P48732	2
Q01664	2
Q14154	2
Q9CQR4	2
Q8WXB4	2
P34341	2
F4IV66	2
P57744	2
O95625	2
P36177	2
Q9H8M7	2
B8Y6I0	2
A0A075TRB3	2
Q641G7	2
P78780	2
Q9FZK4	2
P23724	2
P0DQP8	3
P23044	3
O18998	3
P31025	3
Q9SUQ8	3
P32478	3
Q02795	3
O60931	3
Q6UWJ8	3
Q7Z0T3	3
Q945U0	3
O76076	3
P51688	3
Q86IV5	3
P20507	3
B0XT72	3
P20740	3
P15450	3
Q86R84	3
P34115	3
Q8N441	3
Q6UWV2	3
P32004	3
Q6UX52	3
P30919	3
Q9ZT64	3
P27919	3
P55057	3
P81605	3
P17715	3
P62520	3
Q9HBE5	3
Q01638	3
P25068	3
P45561	3
P13806	3
P80022	3
Q8MJV4	3
Q6IWZ0	3
P14384	3
P04937	3
P81160	3
P01830	3
Q28173	3
Q6UX39	3
Q8LG54	3
Q9PVW8	3
P02783	3
G4V4F9	3
Q9P0V8	3
P34951	3
P48816	3
P40259	3
P31096	3
P49767	3
P0DQC1	3
A0A2I6QB00	3
Q75WF2	3
Q0P569	3
Q9UKY0	3
Q00193	3
P05090	3
A0A0F7YZQ7	3
P00760	3
A9UGV5	3
Q9BQ51	3
O14786	3
P17813	3
Q9Y6C2	3
Q28989	3
P69241	3
P58912	3
P27773	3
P80188	3
Q42502	3
O43852	3
P0C1B3	3
Q10E50	3
P0DUT6	3
P01364	3
P00996	3
P54837	3
P42256	3
Q02596	3
O48818	3
Q9LJD9	3
P27654	3
O15455	3
B2NHN2	3
Q7Q7R8	3
O75711	3
P10493	3
Q14210	3
Q8TAL6	3
P14925	3
Q9ES58	3
P00533	3
P43174	3
P07981	3
Q9Z0L3	3
P11717	3
Q05928	3
Q86Y78	3
Q9XYT4	3
Q9Y279	3
Q2ULM2	3
P80961	3
I6S7G5	3
P07204	3
P38574	3
A0A482A9N4	3
Q3C258	3
P24021	3
P28335	3
Q9Y2E5	3
P80513	3
P47178	3
Q6IUU3	3
P13612	3
P01068	3
B4FZ87	3
Q8T0W3	3
Q27441	3
Q8NBJ9	3
P04557	3
O00092	3
A0A5C2A2T2	3
Q6T6C1	3
P0DL40	3
P0DPU9	3
Q12396	3
P13204	3
P11654	3
P01189	3
P91745	3
Q01151	3
Q8L5J1	3
P27731	3
P04217	3
P18658	3
B8JLQ9	3
P07507	3
P19425	3
Q13007	3
P22327	3
P10968	3
Q5KQS1	3
P19324	3
P50895	3
Q14802	3
P05113	3
P15226	3
Q5B428	3
Q94733	3
Q8I817	3
O59896	3
Q02083	3
Q7Z5A7	3
Q3L1D1	3
P10257	3
P08505	3
P0C8G7	3
Q8NBM8	3
Q15465	3
Q86Y34	3
W1I921	3
Q29W25	3
P12872	3
P81054	3
P15018	3
P04844	3
P33681	3
Q70SU7	3
Q8MVA6	3
P01148	3
Q62192	3
Q96GE9	3
Q6W5P4	3
Q9UT50	3
O35625	3
P61581	3
P42948	3
Q08213	3
O74553	3
Q4AE62	3
Q9U1W1	3
Q8TC71	3
Q9UT55	3
P32103	3
P56347	3
P62806	3
Q16891	3
Q01750	3
Q7SHR6	3
O94708	3
Q9P7V3	3
O95838	3
Q96IL0	3
O74388	3
P02489	3
Q96QU8	3
Q9BSW2	3
Q94K75	3
Q8L960	3
Q93008	3
Q9UTI4	3
Q9UIS9	3
Q9Y4X0	3
Q9CAF5	3
Q8GRN0	3
Q99J99	3
F4J7T2	3
Q21209	3
P52739	3
Q53HV7	3
P40993	3
Q93ZB2	3
Q10262	3
Q03750	3
Q08959	3
O94751	3
Q9NYH9	3
Q6Y685	3
P0CJ62	3
O75508	3
P38060	3
Q9P7T4	3
A0A0D1E6B3	3
Q9FYS5	3
Q586F4	3
Q9MA15	3
P53032	3
Q8R0S1	3
Q9UDY8	3
Q9NSG2	3
O43044	3
O13978	3
Q8IZF0	3
Q3T0J3	3
Q91876	3
Q8VZS0	3
Q5BJY9	3
F4JXF1	3
Q9VHB0	3
Q06494	3
Q7TQK0	3
Q8TDB6	3
Q06682	3
P46655	3
P39717	3
P50080	3
O95704	3
P33399	3
P58281	3
Q5T9L3	3
Q53JF7	3
Q04437	3
P53207	3
Q9BYC2	3
Q12066	3
O82264	3
O60293	3
Q9Y2V0	3
Q9ULR3	3
Q03213	3
P48595	3
Q8TD22	3
Q8WVC0	3
J3QMY9	3
Q03782	3
P34619	3
P48237	3
Q8I2S0	3
Q945M1	3
Q04603	3
Q8W191	3
Q969T9	3
P59103	3
Q8BQP9	3
Q9LEM8	3
Q99575	3
Q05892	3
Q9LYB9	3
G5EGK5	3
Q9LZW2	3
Q9UIL1	3
P22136	3
A0A1S4BDC4	3
K7WDL7	3
Q9UJX4	3
Q9UIA9	3
Q9BRV3	3
C4LY96	3
Q9BV90	3
Q5HZJ0	3
O43508	3
P82180	3
Q92945	3
Q96BN2	3
F4I9G2	3
P21359	3
Q8BKT7	3
O35820	3
F4IHY7	3
F4K933	3
Q8BJM5	3
Q9H633	3
Q9H5Q4	3
O88801	3
Q8VDY4	3
Q01613	3
O74560	3
O13936	3
P78345	3
P38783	3
Q08357	3
Q86U28	3
O94782	3
P04817	3
Q6NL34	3
Q94BN0	3
G5EDP2	3
O22773	3
Q6PIU2	3
P10174	3
P51636	3
O42661	3
Q9P7S9	3
P80667	3
P06269	3
P41047	3
Q9Y5N6	3
Q9NQ31	3
Q9Y3D7	3
P56394	3
Q9D0Z3	3
Q09858	3
P29509	3
Q12158	3
P32389	3
Q7SB98	3
O43290	3
Q9LK29	3
G5EDN3	3
P38873	3
P00813	3
Q9NTI7	3
P32354	3
Q9N5A8	3
P48437	3
O04714	3
P83456	3
Q64279	3
Q19555	3
Q6TEC1	3
P10803	3
Q58FA4	3
Q920Q2	3
O23661	3
Q9D067	3
Q96GZ6	3
Q9DB60	3
P0DJ07	3
Q7Z7F0	3
Q8NDV2	3
A0A076FFM5	3
O94258	3
Q9ZVA7	3
P22734	3
Q8IH18	3
Q8NFQ8	3
P53913	3
Q12393	3
P50105	3
P42937	3
Q06632	3
Q9W261	3
Q9DB00	3
Q12433	3
P48558	3
P40096	3
Q23544	3
Q96RY5	3
Q9FJW3	3
O82660	3
Q8NBA8	3
P47139	3
Q86VE9	3
P38927	3
Q700C7	3
O74418	3
Q9H2S6	3
Q9GMC9	3
P09132	3
Q8RWI0	3
Q9CAF4	3
Q8L774	3
Q06266	3
Q96QE5	3
Q02721	3
Q53FT3	3
P83214	3
Q9UTJ8	3
P82192	3
P53112	3
Q22197	3
Q6K431	3
Q8R1I1	3
Q9SW18	3
Q10R09	3
P40072	3
C0HLU2	3
Q02336	3
O75528	3
Q9Z206	3
S8ESV1	3
P09440	3
Q9HD34	3
Q43715	3
Q96E29	3
Q7SGH0	3
Q3KNY0	3
Q2V2P9	3
Q86WX3	3
Q9XF57	3
O13600	3
Q0WUY1	3
Q8TD16	3
Q9Y222	3
P23351	3
Q80Z37	3
Q5VZI3	3
P47019	3
P20050	3
P39995	3
Q13286	3
P53810	3
Q9NSK7	3
Q86YH6	3
P62861	3
Q9XFT3	3
Q96FQ6	3
Q06707	3
Q12040	3
Q9VR17	3
Q10187	3
Q9HGN5	3
Q9C0Z8	3
Q27607	3
O43030	3
D3ZKT0	3
P82924	3
O94650	3
P40466	3
Q9UI40	3
P11836	3
Q9UGR2	3
E9F591	3
Q16385	3
Q13156	3
Q6NUF4	3
Q8IZ52	3
Q99PP2	3
Q9JIX9	3
Q680B9	3
Q8NCE0	3
Q12509	3
P53267	3
Q9Y6A4	3
Q84U09	3
Q14674	3
F4J284	3
P38824	3
Q6IR42	3
Q8LDL0	3
A8BFN4	3
Q5THR3	3
Q96AP4	3
P38879	3
O43716	3
B8ZXI1	3
Q94BY9	3
O96007	3
Q9LS90	3
Q9C8J7	3
O75691	3
Q8VEH6	3
Q38885	3
P38140	3
Q9H8K7	3
Q9NRY2	3
Q15365	3
Q03388	3
Q84JL7	3
Q9HAV4	3
Q04083	3
Q8BK30	3
P38557	3
Q53F19	3
Q9H649	3
P25284	3
Q9SRX9	3
P22027	3
Q9H6U6	3
P27680	3
Q8CCG4	3
P16383	3
Q8VYD2	3
Q5BJZ6	3
Q9NY33	3
P32432	3
Q3SZ86	3
Q9SZH4	3
Q8W593	3
P55197	3
Q06665	3
Q965W2	3
O00488	3
P97414	3
Q07436	3
P32372	3
Q9VMD6	3
Q9Y802	3
F4IY03	3
Q9BSF0	3
P05423	3
Q9FGW9	3
Q9Y6X3	3
A0A509AKT6	3
P11746	3
Q8BMA3	3
Q6NXG1	3
Q96NE9	3
Q22829	3
Q4X095	3
O95696	3
P43557	3
Q65ZG8	3
Q9NK54	3
Q9LZA6	3
Q12035	3
Q5HZI1	3
O13788	3
Q5TA50	3
Q9BY12	3
Q9VFK6	3
P40470	3
O65258	3
Q7JRE4	3
Q05048	3
C0HMD7	3
P38074	3
O43829	3
Q7X6P3	3
Q86UK7	3
Q8VDP4	3
Q5BKX6	3
F6VAN0	3
Q6C7L6	3
Q02888	3
Q91YR5	3
P21357	3
Q8VY16	3
Q9DB77	3
Q9FGN8	3
Q99417	3
F4JP52	3
Q92546	3
Q03834	3
Q80ZI2	3
P0C089	3
O74405	3
Q9LUJ5	3
Q9FJG1	3
Q9JIY2	3
Q12020	3
P40055	3
P17540	3
P43572	3
F4K1B4	3
Q8GZM7	3
Q5TYM5	3
Q7L2Z9	3
Q84LK0	3
Q86V97	3
Q96RL1	3
Q12972	3
D3Z3K2	3
Q7DMA9	3
Q12373	3
O74113	3
G1X9H9	3
P0CT69	3
Q6FN94	3
P32792	3
O14230	3
Q08278	3
Q07794	3
Q9NZN9	3
Q3TYA6	3
Q04847	3
Q9H777	3
Q8LL04	3
Q5XKL5	3
Q91X44	3
Q9NVV4	3
O94888	3
Q9M903	3
Q9FFZ1	3
Q08932	3
Q04175	3
Q9QZR8	3
Q5U5Q3	3
Q9NSP4	3
Q8N7A1	3
Q80VA5	3
P38360	3
P22697	3
P51810	3
Q682U6	3
P25618	3
Q96LI6	3
O15226	3
G5EDW5	3
Q9HAJ7	3
Q9HB75	3
P07834	3
A2A8T7	3
O75934	3
Q9LSD0	3
P53067	3
Q13569	3
P06100	3
P38323	3
Q96K80	3
P32626	3
Q810H6	3
P21306	3
Q501D2	3
Q9LPW3	3
Q8H0V4	3
Q95339	3
P48231	3
Q9LK88	3
Q10290	3
P70460	3
Q08952	3
O01811	3
P62857	3
O96660	3
O54963	3
Q9HCC0	3
Q3UYV9	3
Q93560	3
Q93WG3	3
P49888	3
O55230	3
Q8BMI0	3
Q9Y314	3
O15554	3
Q7JM44	3
P48239	3
Q9NAN2	3
Q8CJ67	3
Q86NP2	3
O64759	3
P40237	3
Q84TI7	3
Q20992	3
G5EC23	3
Q9UT46	3
C8KI33	3
O42958	3
Q8R2K4	3
P56560	3
Q8I299	3
Q9ULX3	3
Q96C12	3
Q8N5F7	3
P40382	3
Q9QY02	3
Q9R1M5	3
Q8C0V1	3
Q71RC2	3
Q4WGS5	3
Q04178	3
Q9BXL5	3
Q04110	3
Q9H079	3
Q8BZ97	3
Q12354	3
P40075	3
Q9CQG9	3
Q8TDR4	3
O81098	3
Q9SB47	3
P33301	3
Q8I615	3
Q99627	3
Q8IY22	3
Q8I4V8	3
Q9LY23	3
Q9UGY1	3
Q9BQ69	3
Q08561	3
Q8TF63	3
Q9VAM5	3
Q21986	3
Q19LA2	3
Q99N89	3
O42975	3
P54622	3
P59055	3
O74511	3
Q9QZ59	3
P50876	3
P40971	3
F4HU58	3
Q9FN69	3
Q21148	3
P0C1Z6	3
Q07532	3
P09211	3
P15436	3
P00856	3
Q8IZY5	3
Q8LDS4	3
L0R8F8	3
Q9LSV0	3
P0DO12	3
P49367	3
Q24562	3
Q92917	3
Q9P790	3
Q9NVA1	3
Q9VWN4	3
Q9Y2Q9	3
P40060	3
P47035	3
Q9XIN0	3
Q03218	3
O88441	3
Q12487	3
H2KYS8	3
Q42545	3
Q9UTH9	3
Q7L5D6	3
O49686	3
Q2M3R5	3
P29144	3
Q9ERH4	3
Q9XII1	3
Q9Y241	3
Q01217	3
Q9VR19	3
O96693	3
P05375	3
Q99177	3
Q969X0	3
Q9XVD5	3
P02381	3
Q27368	3
P47112	3
Q8IWV7	3
P24919	3
Q9UFC0	3
P23615	3
O82230	3
Q9SJF1	3
Q99359	3
Q96N11	3
Q9P3U7	3
Q21446	3
Q96AY2	3
Q9QZS8	3
Q8WYQ5	3
Q4W9R0	3
Q8N5Y2	3
Q6QJ72	3
Q5SYB0	3
Q96QE3	3
Q9BT23	3
Q9P2P6	3
Q03557	3
Q9UHH9	3
Q9SU30	3
Q8IXU6	3
O14253	3
Q6MG82	3
Q8H124	3
Q99ML0	3
Q923Q2	3
Q14678	3
Q8WXI9	3
Q8H157	3
Q9H7L9	3
O08573	3
Q59H18	3
Q9VN91	3
P14866	3
Q60974	3
Q13426	3
Q6P9F0	3
G5EE01	3
Q03631	3
P16522	3
P38204	3
Q9BY27	3
Q9C108	3
P50440	3
P24473	3
P53927	3
O80775	3
Q63430	3
Q99MQ3	3
P53721	3
Q7RYV0	3
O00841	3
Q9Y7Q7	3
P53260	3
Q9ZWA1	3
P32453	3
Q9UT17	3
P20484	3
Q8IXQ6	3
Q9R1C0	3
O09174	3
Q9Y6X4	3
Q3TLD5	3
Q8TBR7	3
Q9C0C9	3
Q62674	3
Q7Y1W1	3
Q8VIM4	3
Q9P7N0	3
P40850	3
F4K3G5	3
P51587	3
P40467	3
Q8BG21	3
Q8VC49	3
Q8N567	3
P83267	3
Q10272	3
Q5FW52	3
Q9Y7X6	3
O60090	3
P53062	3
Q9SF47	3
P60602	3
P35639	3
Q8NE62	3
Q96GC9	3
Q9LN09	3
Q9ZQZ6	3
P24349	3
Q64318	3
Q9ZW85	3
O14867	3
P25420	3
Q07279	3
Q61069	3
P38885	3
P38117	3
Q96NY9	3
Q7XHR2	3
Q12788	3
G5EEW6	3
Q92989	3
Q80ZQ9	3
A0FGR9	3
Q9WTW8	3
Q9USY3	3
Q5TEU4	3
Q8N6U8	3
Q60949	3
Q5PR68	3
Q8K0U3	3
Q2HJF1	3
E9Q9M8	3
Q6NZN1	3
O74889	3
A8MQL1	3
O80832	3
Q75NZ0	3
Q08058	3
Q5KMX8	3
Q9JHU6	3
Q90ZS6	3
Q3EBC8	3
Q9SRT0	3
Q8NG66	3
Q13315	3
Q8R1N0	3
Q9BY10	3
Q80WJ1	3
Q39129	3
P40023	3
Q8IUG5	3
O13859	3
P56785	3
Q8VZV9	3
A6NLJ0	3
Q8K337	3
Q9WV78	3
P51521	3
Q500V5	3
Q9SR62	3
Q7Z2Z1	3
Q96DY5	3
Q03770	3
Q08774	3
Q03973	3
P37263	3
Q12334	3
P53869	3
Q15170	3
Q9VKV5	3
Q94BU8	3
O42637	3
Q0D2I5	3
Q8BH07	3
J9VJ62	3
Q91YI6	3
Q9XI84	3
Q38942	3
Q86WV5	3
P32807	3
P36552	3
P34447	3
P34802	3
Q13495	3
O88382	3
Q9NYV6	3
P0DP88	3
Q8IUY3	3
Q8GXN9	3
Q61234	3
O60216	3
Q08096	3
P0DKJ7	3
O23144	3
P52923	3
Q9US52	3
P0DN34	3
Q86MD3	3
Q9SGH4	3
P14906	3
Q9H3M7	3
Q09293	3
Q6PD74	3
Q91VX9	3
Q96DZ5	3
Q6ZSS7	3
Q9CQ91	3
F4IS91	3
Q5IRJ6	3
P28007	3
O13807	3
Q00453	3
Q42687	3
Q24134	3
Q3E7Y6	3
Q9BUV0	3
Q9JLI6	3
P53991	3
Q8W4I6	3
Q9NRP7	3
Q9VYX1	3
Q8S8K8	3
Q8TEC5	3
P21727	3
Q45EK2	3
P27351	3
Q8K459	3
Q9H3J6	3
Q86U90	3
O74771	3
A0A0U2UYC4	3
P10676	3
Q99884	3
P41812	3
Q02046	3
Q9VKY1	3
O88873	3
P53072	3
O74991	3
Q5KS41	3
Q99990	3
Q94ID2	3
P34219	3
P29617	3
Q9M658	3
O14681	3
Q9SN22	3
L0B1Y1	3
O54982	3
P53119	3
Q63285	3
Q8MXU4	3
Q7Z7C8	3
P11101	3
F4K8S5	3
P53256	3
P40317	3
P38282	3
Q921E6	3
Q9V9V9	3
O60182	3
Q9C5U1	3
P22469	3
P84148	3
Q99207	3
O00483	3
Q9FZ89	3
Q16206	3
Q9SD11	3
Q8BMP6	3
P46674	3
Q06449	3
Q9UNS2	3
P35790	3
Q9Y6I9	3
P15313	3
Q08961	3
P38710	3
Q96BM1	3
Q8TAT5	3
O94259	3
Q9FFK6	3
D3ZXW3	3
P38770	3
Q9SL94	3
P23508	3
A0A1D6IEG9	3
P38937	3
Q12748	3
Q5SSJ5	3
P38786	3
Q9P7W8	3
Q149M9	3
Q6DFQ7	3
Q9VL14	3
P46947	3
Q8N183	3
E9PT37	3
P0C2B6	3
Q12768	3
O82279	3
Q94AT3	3
O42636	3
F4JHA2	3
Q96PE3	3
Q9FNC9	3
F4JCU0	3
Q80UF7	3
P85845	3
Q5VWG9	3
Q9P0U1	3
O74424	3
Q09685	3
P52306	3
Q99LY9	3
Q9LUI2	3
Q96330	3
Q84XV2	3
O23077	3
Q9NQC7	3
Q03760	3
Q01663	3
P36162	3
P32266	3
Q9VFW4	3
P40362	3
Q8I397	3
Q9W1C5	3
P53068	3
Q9BX63	3
Q8IDM6	3
P24389	3
O13801	3
Q9NZN3	3
O95476	3
Q9D9W1	3
O17386	3
P79071	3
Q9BWL3	3
B2RUZ4	3
P46014	3
Q15311	3
Q8NFJ9	3
Q66L44	3
Q12497	3
Q09728	3
Q92355	3
P14064	3
O60104	3
Q20481	3
P48268	3
Q7L0Y3	3
Q9UQN3	3
Q60700	3
P53397	3
Q381V1	3
Q9CAH5	3
Q9UUK4	3
Q9VC61	3
Q06091	3
O94428	3
Q96AJ1	3
Q9QX98	3
Q9P7H5	3
Q54HI5	3
Q8SAB7	3
P38637	3
Q9EQR5	3
P38111	3
Q9UJA2	3
Q06102	3
Q18807	3
Q9S736	3
Q14209	3
Q9BUE6	3
Q9UJM8	3
O02351	3
P00973	3
P40161	3
O95990	3
Q9M9F0	3
Q7YR75	3
Q6R0G4	3
Q3UUF8	3
Q9BQ87	3
Q9H9P8	3
Q96247	3
Q9XZ34	3
Q63638	3
F4JGZ1	3
O14423	3
Q04213	3
P12354	3
P47138	3
Q9V4P1	3
Q9H467	3
Q94AU9	3
Q8R4T5	3
P53150	3
O45717	3
Q93YN0	3
Q09849	3
Q6I621	3
Q8R4T1	3
Q9C106	3
Q9H0E9	3
Q62318	3
Q62769	3
H2KZB2	3
A2AUU0	3
O13852	3
P38398	3
U9W8F2	3
O77389	3
Q39057	3
O82239	3
P55081	3
Q8WXI7	3
Q6RI63	3
F4JZY1	3
Q9EQJ4	3
P53853	3
P03888	3
Q642G4	3
Q9C115	3
P19824	3
O49668	3
Q06184	3
Q9SRY4	3
P14922	3
P23506	3
P56382	3
Q9H190	3
Q95X44	3
Q96G30	3
Q8C854	3
Q9LZB8	3
P42698	3
Q94AX2	3
Q92366	3
Q90941	3
P78587	3
Q86Y97	3
P36159	3
Q9D2V8	3
Q9H1K0	3
Q19404	3
Q8CF89	3
Q8WXD0	3
Q95U54	3
Q8VEK3	3
Q6K271	3
P53217	3
Q9CQC7	3
O54724	3
P58557	3
P82922	3
P27889	3
O59746	3
P40465	3
Q8NEY8	3
P53990	3
Q9UBI1	3
Q04724	3
O75179	3
Q9CZ42	3
Q9XTB5	3
Q96CJ1	3
O88708	3
A1Z8F4	3
Q14241	3
Q9XVS8	3
P87169	3
P34162	3
Q14739	3
Q03761	3
Q9BXJ9	3
Q9CQX8	3
Q9FJI1	3
Q80SY4	3
Q7TPD6	3
Q26366	3
P97287	3
Q15436	3
Q9JJK4	3
O49290	3
Q6PJF5	3
Q9V9W8	3
P59648	3
F4KFB3	3
P12687	3
Q9SIW2	3
O35710	3
Q9SJZ6	3
Q6A037	3
Q9BSH3	3
P18583	3
Q42342	3
P37299	3
P33893	3
Q94CD4	3
A2A5K6	3
O23193	3
Q7X7A4	3
Q14722	3
O74400	3
P53254	3
O82265	3
Q6DN90	3
Q9Y6Q9	3
Q3UHC2	3
Q9H1I8	3
Q1PDI2	3
P38236	3
Q9H1D9	3
P32776	3
P38828	3
Q9XIE2	3
A0A386CAB9	3
Q9H0W9	3
P22572	3
Q06833	3
Q8N5N7	3
P20398	3
P13621	3
Q9Z1B8	3
P61221	3
Q62908	3
P53102	3
Q9VAW5	3
Q0VAA5	3
P56378	3
Q9BRP8	3
Q9HEQ9	3
P78524	3
Q8IAX8	3
Q9VKM6	3
Q02749	3
Q9N425	3
Q9FNY2	3
Q6L8Q7	3
Q9SJ12	3
Q9HGL9	3
P56277	3
Q96CW1	3
P47027	3
Q923M1	3
Q8QZY3	3
Q02884	3
P53327	3
Q03799	3
Q7TMF2	3
Q08365	3
P55212	3
O75132	3
O61016	3
Q6IQ49	3
Q9C0C7	3
Q2M3C6	3
P04197	3
Q9W4S7	3
P42858	3
P42677	3
O74485	3
Q7Z2W9	3
Q9USW9	3
P36064	3
Q5U419	3
P25576	3
P48837	3
P87000	3
Q9LXI8	3
Q9Y3M2	3
P36112	3
P38169	3
Q15642	3
Q3UZD5	3
Q9ZVJ3	3
Q7Z4G1	3
Q5SV06	3
Q8WZJ8	3
P09144	3
Q9ULU4	3
Q8L719	3
Q7Z624	3
Q42736	3
O04121	3
Q01992	3
Q86UT6	3
O94993	3
Q9STX3	3
Q8NDZ0	3
Q9FME2	3
P36161	3
O88379	3
P38065	3
Q92934	3
A3R064	3
Q9D563	3
P53694	3
Q6DFW0	3
O96626	3
Q43092	3
Q24025	3
Q6PI26	3
Q13868	3
P39749	3
Q9UMN6	3
Q9HGM8	3
Q04623	3
Q9UK73	3
O43663	3
Q21502	3
Q10222	3
Q949Q5	3
Q16637	3
Q10332	3
Q7RZ62	3
Q9VPM5	3
P69850	3
Q9Y275	3
O00555	3
O60504	3
O35094	3
O60733	3
P17505	3
P54790	3
Q3ZN08	3
P40084	3
P63072	3
P07270	3
P40517	3
P38302	3
Q9XIB5	3
Q6NPN9	3
Q10302	3
Q9P0S2	3
O04616	3
P37107	3
P40568	3
Q9M1E7	3
Q01453	3
P09108	3
P38182	3
G5EFF5	3
Q960V3	3
Q9VKJ3	3
P38265	3
O95817	3
Q1K8V2	3
Q2TBI6	3
O94972	3
O82289	3
Q6UWF3	3
Q9D5U8	3
Q9D1E5	3
Q05050	3
Q5T4T1	3
P48608	3
P06180	3
Q9NWT1	3
O14981	3
Q4G0N4	3
Q9T6H8	3
Q6K678	3
P16965	3
P53854	3
P55039	3
Q56P03	3
O94913	3
Q969H6	3
Q8WZ33	3
Q08963	3
Q949P2	3
Q07065	3
B7Z0L8	3
P38271	3
Q9ESK9	3
Q10337	3
F4I902	3
P10176	3
Q9EQ80	3
Q6NZY4	3
O36030	3
B3DH96	3
Q8N9A8	3
Q75WB5	3
Q9BQA5	3
Q9EQ10	3
Q8NBF2	3
Q8INM3	3
Q9SG86	3
Q9NQV5	3
Q96P67	3
Q4KMP7	3
P53297	3
Q2MHE4	3
Q9Y3D5	3
Q8C3P7	3
A0A0G2K309	3
P91027	3
Q941Q3	3
Q8S1D9	3
P0DH90	3
P52553	3
Q3TQ03	3
A1Z7A8	3
Q06214	3
Q7RYW8	3
F4HXU3	3
P29747	3
P22674	3
Q05812	3
Q02642	3
Q1H537	3
Q10953	3
Q61146	3
O13725	3
P62913	3
Q5I0X4	3
P38806	3
Q7TMR7	3
P38691	3
P30085	3
P53127	3
Q9Y315	3
Q9HFF5	3
P25087	3
A2AMT1	3
Q96ST2	3
Q9UL40	3
P28328	3
Q63HN8	3
Q9VL76	3
A1A4Y4	3
Q9UBK9	3
P38255	3
Q18508	3
Q5NCQ5	3
Q07335	3
P53159	3
P19659	3
Q08050	3
H9G301	3
P25367	3
Q17895	3
Q9SZ15	3
O74895	3
P33759	3
Q12996	3
Q9NX76	3
Q9JHH9	3
Q04359	3
Q8NFV4	3
P38768	3
Q08492	3
P32445	3
Q91YJ3	3
Q6FI81	3
Q9USG8	3
P22315	3
O43068	3
P26017	3
P38989	3
A0A7J6K629	3
Q920G2	3
Q8VZ20	3
A2VEY9	3
Q9P3W1	3
P39715	3
Q8CFC7	3
Q12117	3
Q7Z2E3	3
P32318	3
P41161	3
O08715	3
Q8BTQ0	3
Q9C000	3
Q9C5Z3	3
Q43295	3
Q920D2	3
Q12343	3
Q9Y7K9	3
Q94F00	3
P63007	3
Q336R3	3
Q9U1S7	3
Q04868	3
O00522	3
Q08509	3
Q9ES56	3
Q8WQX5	3
P34231	3
Q9HBM1	3
Q0DUR2	3
Q08977	3
Q69ZK0	3
Q8LIY8	3
P92189	3
Q8K2C6	3
Q9Y530	3
D3ZNV2	3
Q9NYX4	3
Q08444	3
Q9USQ7	3
Q9Y3R4	3
A8MR65	3
Q05175	3
P47175	3
Q8TF01	3
Q9Z2F6	3
O35260	3
Q53KK6	3
Q9JJY3	3
P78917	3
Q9C5J9	3
B1AZ99	3
Q10SU5	3
Q6NLW5	3
O14064	3
Q9BVC5	3
Q945P0	3
Q8CII8	3
P06786	3
O43687	3
Q9H840	3
Q9C469	3
Q22663	3
Q8WV24	3
Q6J9Q2	3
Q7ZT48	3
Q8NDZ2	3
Q9UJY1	3
Q99314	3
Q8TC56	3
Q12033	3
Q8WWY6	3
Q9M0Z3	3
Q9Y7J2	3
Q8BVN3	3
Q6Z955	3
Q9VW51	3
Q69ZN7	3
O14388	3
Q9ZPX5	3
Q22037	3
P36534	3
Q8TC26	3
O09111	3
P70670	3
Q8N5C6	3
P17119	3
Q8N668	3
Q96PX9	3
P47881	3
Q8NC24	3
Q9JIB0	3
P21620	3
Q9W420	3
Q230X8	3
Q05728	3
Q27934	3
Q80VR2	3
P15343	3
P41933	3
Q8IUR6	3
P43558	3
Q9USP9	3
Q99K82	3
P86924	3
Q96N96	3
Q9VIF5	3
P46637	3
Q5BVD1	3
Q6R3K9	3
P40008	3
Q96A26	3
Q14686	3
Q9LG26	3
Q9P7H8	3
Q9H6R4	3
P0DPU3	4
Q63372	4
P34998	4
Q4W1I9	4
O11780	4
Q55GS3	4
P31836	4
Q9SLP4	4
P51868	4
P33577	4
P55203	4
Q9NS68	4
P01350	4
Q9GZZ8	4
Q60GF7	4
P29460	4
Q09022	4
Q56S59	4
Q03383	4
P83234	4
Q8TC27	4
Q9BX59	4
Q8I7X1	4
P02702	4
P32358	4
P05067	4
P52823	4
P49256	4
A0A0F7YYX3	4
Q6UXH1	4
Q64HC7	4
P21978	4
P0DUS6	4
P07529	4
D3Z9M3	4
Q52085	4
Q08481	4
Q8MP06	4
P80748	4
P19320	4
P42264	4
Q05091	4
P11215	4
P22362	4
B0FHH8	4
Q61400	4
Q9ZT66	4
P18761	4
P81383	4
E9NX73	4
P55083	4
O14412	4
Q8I948	4
P14555	4
Q9NQ34	4
P16382	4
P19400	4
G5EC68	4
Q9NQ25	4
P21837	4
Q9VG55	4
P20797	4
O18330	4
P0C1X6	4
P97710	4
P01538	4
Q99519	4
P30438	4
P24817	4
G5ED35	4
Q5B833	4
P81827	4
Q09117	4
Q8J0D2	4
Q15762	4
Q05443	4
P23389	4
P14625	4
P0C8E8	4
P35785	4
F7J1C8	4
O76942	4
P18892	4
Q8S2W4	4
P09791	4
Q29422	4
Q9Y2I2	4
P28798	4
Q5WPZ4	4
P0C8G6	4
B3STN7	4
P81999	4
Q76CE8	4
Q9TVX3	4
Q9U943	4
Q6Z232	4
P18428	4
A1IKL2	4
P06028	4
O54861	4
P30986	4
A0A0D1DWQ2	4
Q9NR61	4
Q9GL30	4
P16144	4
O97939	4
P27613	4
P08796	4
Q9GZX6	4
Q02126	4
P31420	4
Q9VH14	4
C4NZN9	4
A0A7J6K7I9	4
C5P3X6	4
Q6DWK3	4
A6XMY0	4
P01591	4
O42720	4
P20656	4
Q9JI59	4
Q18184	4
P55058	4
P20826	4
Q6ZSA7	4
P29794	4
P81058	4
P33487	4
Q9BX93	4
O95813	4
P43077	4
P42578	4
P23515	4
P31723	4
P0C8E7	4
O60844	4
Q63617	4
P48439	4
Q6UWI2	4
P0DUS5	4
Q9QYH7	4
P20062	4
O75462	4
P61312	4
P14214	4
P01833	4
F2QXM5	4
P17301	4
Q9TT95	4
P14770	4
P93484	4
Q0ZS87	4
O43278	4
P16235	4
P54900	4
P23631	4
Q6IV20	4
Q7M418	4
Q653V7	4
Q6TPK4	4
P48842	4
P43307	4
P33559	4
Q6RG02	4
C0HL38	4
P59665	4
P83472	4
P09341	4
Q9VMD9	4
Q9Y240	4
P80356	4
P08514	4
Q8MMH0	4
Q8T113	4
P15261	4
P19137	4
Q9S9N6	4
Q01649	4
Q07979	4
P62241	4
D0Q0Y7	4
Q12275	4
Q9C0C6	4
Q15562	4
Q94JU3	4
Q04545	4
P83006	4
Q9Y7Y6	4
P04117	4
Q9BY07	4
Q60864	4
Q9UMS0	4
Q9H211	4
Q92979	4
P38782	4
O76054	4
Q8TEQ6	4
Q9UGI0	4
P36168	4
P38250	4
P80299	4
P62847	4
Q8H1D4	4
P05084	4
Q17635	4
P11181	4
Q9CQZ6	4
O43236	4
J9VI03	4
Q9UTA6	4
G5EEU2	4
Q8N140	4
P49599	4
Q6E434	4
Q02606	4
Q99K90	4
Q2TB10	4
Q39249	4
Q3URQ0	4
Q10336	4
Q9UTF7	4
Q9BY41	4
Q9SK71	4
Q06411	4
Q3URU2	4
Q9AT00	4
Q9WTV0	4
Q10L01	4
P38804	4
P70338	4
P40473	4
Q15428	4
P47154	4
Q9LMJ4	4
O94459	4
Q9VEC1	4
Q9EPI8	4
Q0P5I5	4
Q12285	4
Q69Z66	4
Q78T81	4
Q5HYK7	4
Q39214	4
Q2TAP0	4
P84996	4
P82347	4
P15720	4
Q9EQN3	4
P40316	4
Q6NQK2	4
Q9CRA5	4
P38088	4
P15796	4
P34909	4
Q924W6	4
Q96IU4	4
Q6DRC5	4
Q96BP2	4
P38891	4
Q5ND34	4
P36068	4
Q8VYR5	4
O95905	4
O94355	4
Q8GW29	4
C8VSZ2	4
Q84JG2	4
Q9FFF4	4
Q76KJ5	4
Q9LMT2	4
Q9T0H9	4
P53251	4
A6NHQ2	4
O42936	4
Q8R0W0	4
O43813	4
P46998	4
Q9BUU2	4
Q95QA6	4
Q96E35	4
P82931	4
P40625	4
Q9LLY4	4
O35144	4
F4IDJ0	4
Q04996	4
W0RYD3	4
P38688	4
Q9XH37	4
Q96EY7	4
Q08245	4
Q9M9V7	4
Q03153	4
Q4GZF6	4
P39535	4
O43052	4
Q8WYQ3	4
Q9NVV9	4
Q19614	4
Q9LTQ0	4
O94261	4
O14368	4
Q05979	4
Q9NPJ1	4
Q8NBS3	4
A0PK05	4
Q9USU8	4
Q9VDE8	4
O59767	4
Q5VZK9	4
O74478	4
Q5TKA1	4
P47002	4
Q8WZK0	4
P32489	4
P21657	4
Q9UK99	4
Q9Y371	4
Q08470	4
A0A0G2K047	4
Q08457	4
Q9UU79	4
Q8N3I7	4
P48771	4
Q8GYF7	4
E5FYH0	4
Q02060	4
P53846	4
Q9BX79	4
Q9UT18	4
P18847	4
Q84MB5	4
Q93ZF6	4
Q8N328	4
Q92794	4
P50110	4
Q9H832	4
P25655	4
Q9FLY0	4
Q5DTT2	4
Q9JJL0	4
Q12420	4
Q38897	4
Q15637	4
G5EED4	4
Q8VY21	4
P51946	4
Q9DC70	4
O74946	4
Q02080	4
P82245	4
Q9GRZ3	4
Q9LES2	4
P47158	4
P81122	4
P22033	4
Q7Z602	4
Q9VVR2	4
Q9LQI7	4
Q11120	4
Q9UPV0	4
E9QAU8	4
O95059	4
Q03482	4
Q7Z5Q5	4
Q9NTJ3	4
Q949T8	4
P32337	4
Q23590	4
P24309	4
P30706	4
P15924	4
Q2VUH8	4
Q9NUX5	4
B1B534	4
Q8INR6	4
Q6ZRI6	4
P40356	4
Q584U2	4
Q8N3F8	4
Q5EGY4	4
Q9P7Y0	4
Q9XIM0	4
P32944	4
O15431	4
Q9LFQ9	4
P53193	4
P82670	4
O23174	4
Q9D8B6	4
Q6YN16	4
Q8N9N5	4
P40156	4
Q873E4	4
Q12789	4
Q96AG3	4
O14311	4
P46997	4
Q9D842	4
H3K2Y6	4
P87176	4
Q01593	4
Q5T5X7	4
Q84JH7	4
Q8GWA2	4
P38751	4
Q56VL3	4
Q3UHA3	4
K4CWS6	4
P19736	4
P52890	4
P35734	4
Q9QY93	4
P28324	4
O75475	4
Q13216	4
O94740	4
P10900	4
O65220	4
Q59NP1	4
P25364	4
O94248	4
Q9H9J2	4
Q9XIP2	4
Q9D489	4
Q9H9P5	4
Q67ZB6	4
Q15013	4
Q8IVG5	4
Q9QY24	4
Q9R237	4
Q9CWR0	4
O94979	4
Q86Y26	4
Q00597	4
Q6WN19	4
Q9WVE0	4
P47119	4
Q12333	4
P25637	4
Q9ZNT7	4
Q9P1T7	4
O74826	4
Q38E51	4
P48329	4
Q10666	4
Q9P6M3	4
P40380	4
P70399	4
A1Z8P9	4
I3PB37	4
O23365	4
Q6SJ95	4
C0HM98	4
P54730	4
Q9SLB9	4
Q92624	4
Q9LS08	4
Q8CJF7	4
Q9FEC1	4
P46962	4
Q12340	4
P07978	4
P19518	4
P39961	4
Q23272	4
O44827	4
O13848	4
O15743	4
Q9LRB7	4
D3ZUA0	4
Q0PNE2	4
Q9ZQI7	4
Q9C8R8	4
O95571	4
Q8ISM1	4
Q9FM19	4
P27707	4
Q9NZH6	4
G5EGQ6	4
P21138	4
Q6K9U2	4
Q92351	4
Q05043	4
P25621	4
J4UQC2	4
Q9UUB6	4
P78946	4
Q96F07	4
Q08931	4
O01971	4
P87297	4
P29539	4
P09595	4
Q9CUU3	4
P53051	4
Q04930	4
F4HZG9	4
Q22795	4
Q9N658	4
O14044	4
Q9Z1N1	4
Q9SGY2	4
Q06215	4
Q18321	4
O05000	4
Q9LXR8	4
Q680Q4	4
P40159	4
Q9SU14	4
O43078	4
Q9UKK3	4
P41846	4
P97480	4
Q32NR9	4
Q01359	4
P53972	4
P46676	4
Q8WXU2	4
O09171	4
Q06116	4
Q23794	4
P15382	4
Q04601	4
Q9VW47	4
Q8BJQ4	4
Q9FHK4	4
P53909	4
O13911	4
Q9FXD6	4
Q9DBN1	4
Q06315	4
G2WVY3	4
Q06409	4
O44997	4
Q9SYK4	4
Q6VNB8	4
Q9VSK8	4
Q8TAF3	4
P59178	4
Q9SKT1	4
O76902	4
O94668	4
Q84V03	4
Q6P6J4	4
Q07534	4
Q13685	4
B3H5K9	4
A2ARP9	4
Q9W1V7	4
O75695	4
Q16873	4
O22832	4
A8DYY6	4
Q93227	4
Q12315	4
Q9D855	4
Q9SQU2	4
Q9FLS8	4
Q9ULP9	4
Q04408	4
Q12383	4
O22265	4
O55236	4
O13777	4
Q96AH0	4
P42771	4
Q9UTG8	4
F1NPG5	4
P12683	4
Q60EN8	4
O74854	4
Q6IBW4	4
Q6ZVD7	4
Q80US8	4
Q9C882	4
Q10422	4
Q96RQ1	4
Q9LPZ4	4
Q17TI5	4
E1JH25	4
Q7S1R6	4
Q5PP37	4
O60127	4
Q84VQ1	4
Q8TB36	4
Q20709	4
Q05860	4
Q8K3W3	4
Q5U623	4
Q8L7S5	4
Q9SU91	4
Q96MH2	4
Q08GK9	4
M4IRL4	4
Q12246	4
P92204	4
Q9D992	4
P38909	4
Q5T1C6	4
O65680	4
Q0WQ41	4
Q9BZJ4	4
Q9H5Z6	4
O88844	4
Q7Z4T9	4
Q5N829	4
P0C5Y9	4
P19440	4
Q38796	4
P27516	4
Q8VEE1	4
Q9UT31	4
P36118	4
Q22717	4
Q9SX77	4
P80304	4
Q14146	4
Q8N108	4
P40457	4
Q9Y375	4
Q14CB8	4
Q07799	4
O74465	4
Q6UXV4	4
Q96SY0	4
Q7TS55	4
Q23696	4
Q0E671	4
Q06109	4
Q257B3	4
O13965	4
O74458	4
P0DP99	4
Q96T21	4
Q9VAS7	4
Q96IZ2	4
P40897	4
Q9M4B5	4
U4PAZ9	4
Q9FG13	4
P42116	4
D4A3U0	4
Q61127	4
P17694	4
Q969F1	4
C7AJA4	4
Q9ZNQ8	4
Q86MI0	4
Q24472	4
Q9JKU3	4
Q9P275	4
Q80ZG2	4
P38985	4
Q12143	4
Q9GZT3	4
P03871	4
Q9JLC3	4
Q6PCT2	4
Q03433	4
P38882	4
Q7K6X4	4
Q9P6Q0	4
Q7FAD5	4
P39952	4
P38283	4
Q9DBU6	4
A0A2Z5GDY5	4
P58234	4
O74808	4
P21374	4
Q6P4A7	4
F4J8G7	4
P03920	4
V5ILE0	4
A2YMU2	4
Q9FJY5	4
P04038	4
Q9SL92	4
Q2VWA4	4
A1XBS5	4
Q56Y52	4
Q03533	4
P37207	4
O24629	4
Q969S3	4
Q9LU93	4
Q12063	4
Q03124	4
Q92785	4
Q8L7W1	4
K7W9N9	4
Q00202	4
Q86VP6	4
Q8GZ79	4
P49107	4
Q9H6Z4	4
P10862	4
O60306	4
Q3E705	4
Q8NHV9	4
P53335	4
Q6ZN18	4
Q9VLP7	4
Q12830	4
Q8WU10	4
Q9P0U4	4
F4J117	4
O75414	4
Q9DB41	4
P46983	4
O94704	4
Q96TA1	4
Q9LR64	4
Q69XJ0	4
Q9VEN1	4
Q9FFF5	4
Q9Y6N9	4
V5IM60	4
P32904	4
Q3E7A3	4
Q8BKY8	4
O95229	4
Q18909	4
Q9P2Y4	4
P40506	4
Q9P127	4
Q66GP9	4
P54939	4
P28074	4
Q9ULE6	4
Q9SJH0	4
P21957	4
Q9JHR7	4
Q9VU86	4
Q05930	4
Q80SU7	4
P41896	4
Q8RWV8	4
P12297	4
O15504	4
D3ZX63	4
P34111	4
P54105	4
O75122	4
A0A0S2UWC9	4
P36052	4
Q80VM7	4
B1AWL2	4
P36152	4
Q8BG79	4
Q867Z4	4
Q86UV5	4
Q8VWF1	4
P53287	4
Q04170	4
Q8N5I2	4
Q94CV1	4
Q9ZS51	4
Q9M9Y4	4
E5KBU3	4
O13758	4
O08650	4
Q9NUJ1	4
P24345	4
Q8VZS3	4
Q01892	4
Q9Y5Q5	4
Q06340	4
Q13428	4
O13577	4
P24226	4
P97717	4
Q7Z2G1	4
Q07555	4
Q9VNS0	4
Q149B8	4
O22287	4
B9F1C0	4
Q12305	4
A0A7P0TBJ1	4
Q969G3	4
P23255	4
Q13794	4
Q8LDU4	4
Q8IU68	4
Q8BGW0	4
Q9ASY8	4
P17214	4
P56975	4
Q8RXD3	4
Q9M365	4
O94653	4
Q9FGX1	4
Q05635	4
P82611	4
Q10173	4
Q84JZ6	4
P45976	4
P40007	4
Q9Y5W9	4
Q9NWU5	4
Q944A6	4
G5EGA3	4
Q9R037	4
Q15424	4
Q17990	4
Q9LSQ5	4
Q99M04	4
Q7XA66	4
Q07163	4
Q9Y6N1	4
P23542	4
Q8SWX0	4
Q8BJ63	4
Q9UBE0	4
Q96D46	4
Q9UU84	4
Q02959	4
P58753	4
A0A3B3IS91	4
O22210	4
Q12366	4
Q00471	4
F4JYE9	4
P61088	4
P40305	4
O13988	4
Q99638	4
G5EGU9	4
Q12522	4
Q9Y4E1	4
P82715	4
Q06106	4
Q40460	4
Q06525	4
Q9LX34	4
P49842	4
Q80WE1	4
P53264	4
Q08558	4
P37840	4
Q8VIE6	4
Q9H9A7	4
Q9USH6	4
O82796	4
O04492	4
P06509	4
P09798	4
Q9M158	4
Q69ZQ1	4
Q9Y7Z5	4
G5DBJ0	4
Q9VGE2	4
Q10424	4
Q9FLU1	4
P25348	4
Q8VY15	4
Q8RWS0	4
Q9CAF2	4
P19889	4
P38313	4
Q9LS48	4
Q12098	4
P57678	4
P07276	4
Q4V7K4	4
Q09666	4
Q8GV05	4
Q94126	4
Q9NQ33	4
Q99933	4
P81451	4
Q84N64	4
Q86UA6	4
Q19360	4
Q9CZX7	4
Q3UN04	4
Q9BRG1	4
Q6IQ20	4
Q9ZST9	4
P54345	4
P39990	4
Q9UI36	4
Q9C9B9	4
Q2Z1W2	4
Q9VWC6	4
Q9VB46	4
P14693	4
Q4QAU9	4
P07248	4
P28834	4
Q9HAP6	4
Q38AH0	4
Q3ED65	4
Q03193	4
Q8N4H5	4
P38812	4
Q61471	4
Q06629	4
Q9XUB3	4
Q8NE79	4
O55227	4
Q86SP6	4
P21981	4
P08067	4
P10852	4
P48987	4
Q8BVZ5	4
Q6PCZ4	4
Q2V2Q1	4
Q42876	4
O08574	4
O70405	4
Q9USX3	4
Q9UF56	4
Q99ML9	4
Q9SJH7	4
F4JYC8	4
P14284	4
O74417	4
Q37707	4
Q96I36	4
P54113	4
Q9NXV2	4
Q9Y2R0	4
Q93VT9	4
A4UVI1	4
Q9U405	4
D3YZI9	4
Q78ZR5	4
P32259	4
Q10214	4
Q9BWX1	4
Q5U458	4
F4JZC2	4
Q9LLC1	4
Q07139	4
Q8UUZ1	4
Q8K1N1	4
Q93V85	4
Q96CU9	4
Q9Z1P2	4
Q9BRD0	4
Q9LD43	4
Q9XUK2	4
O88271	4
X5HYT8	4
Q9VH36	4
Q9Y3Y2	4
Q9LKW9	4
O55022	4
P93830	4
O96759	4
Q6P2H3	4
O15014	4
P18581	4
P05109	4
P53833	4
Q7L5N1	4
P33448	4
M0R7Z9	4
P42840	4
P40037	4
O70372	4
O94444	4
P23500	4
A2A288	4
P14907	4
Q96PM9	4
Q6NW34	4
P52594	4
P36631	4
Q96NS1	4
Q8IYW5	4
K4CF70	4
Q9LJ97	4
Q9FFJ8	4
P36023	4
P84817	4
O43719	4
O14503	4
P0C7P0	4
Q8N5P1	4
Q7KHG2	4
Q94AR8	4
A0A075TXZ1	4
Q38895	4
Q9UUH6	4
P82913	4
O94875	4
Q9VYY4	4
P51959	4
Q9H9T3	4
P30793	4
A2RVJ8	4
M0R3Q7	4
Q8BIW9	4
Q09814	4
Q9YHY6	4
Q8TBZ3	4
Q8L7N4	4
Q45VK7	4
Q9WV69	4
Q04264	4
Q9SVQ3	4
P70662	4
P34247	4
Q9VPQ6	4
Q12359	4
G3XKQ9	4
O13688	4
Q94165	4
Q9H3L0	4
O95415	4
P35203	4
Q9EQ28	4
G5EEG1	4
Q9LW00	4
Q15650	4
Q9JHI9	4
P41223	4
Q9WUM4	4
Q6WKZ7	4
Q80WE4	4
Q05519	4
Q96AZ6	4
Q9UTP3	4
Q9NRN7	4
Q969Z3	4
Q9C107	4
O88466	4
Q9U2M1	4
P55160	4
P32120	4
Q04172	4
F4JP43	4
Q8NG31	4
Q6ZWK4	4
Q3SZC1	4
Q1KPV0	4
Q9UII2	4
Q8LLD0	4
O14362	4
Q8C1E7	4
Q9V6L9	4
Q8WWL7	4
P25615	4
O22788	4
Q96PZ2	4
Q5BLX8	4
P0DH95	4
Q96DG6	4
Q4V7C6	4
Q6P6C2	4
P58467	4
A6QPQ5	4
Q08236	4
Q9C086	4
Q9Y7R3	4
A6NKF2	4
P53142	4
P12689	4
O48721	4
Q7TSH3	4
O60683	4
F7VJQ1	4
B9U3F2	4
Q6IUP1	4
Q2T9J0	4
Q53R41	4
Q96QT6	4
Q8VYI3	4
G5EG86	4
Q02040	4
P13275	4
Q1K6Q3	4
Q9NWV8	4
Q9W4N2	4
P42695	4
Q5ANE3	4
Q75RY2	4
Q61097	4
Q8IWA0	4
O13699	4
Q9NPI8	4
P53153	4
A2XFC1	4
Q9ZVL6	4
P10734	4
F8VPJ6	4
Q9DAT5	4
Q1K7P9	4
Q8LEG1	4
O60671	4
Q14019	4
Q53H82	4
Q9DBL9	4
Q9BW71	4
P40858	4
Q8TEK3	4
P25856	4
P14923	4
Q9WV02	4
Q8L8M9	4
Q9WVM1	4
Q9Y5Q8	4
O13351	4
Q61624	4
Q09884	4
Q8CC21	4
P82919	4
Q96BI1	4
Q9VXE6	4
P47116	4
Q07349	4
O60952	4
P32526	4
P83213	4
Q5T200	4
Q9C565	4
Q9P013	4
Q8NEZ5	4
Q8WWC4	4
Q5C9Z4	4
Q9Z2F5	4
Q5WRN1	4
P39943	4
Q5TGZ0	4
Q9UUG2	4
Q9Y7L8	4
Q9NZ09	4
Q9UPR3	4
P29467	4
O94538	4
P43587	4
P06367	4
Q9BSV6	4
Q0DRX6	4
Q8K1L6	4
Q1LZ24	4
Q93096	4
Q9USQ1	4
Q9JLM4	4
Q9H0U9	4
Q8NGU9	4
O14196	4
Q63768	4
Q9C8L2	4
O95104	4
Q949W6	4
Q9ES19	4
Q9UIG0	4
P28320	4
Q54EQ8	4
P13010	4
P93303	4
P40337	4
P41546	4
O80669	4
O94621	4
Q9HA38	4
P48382	4
G5ECG2	4
Q76JU9	4
Q84W56	4
Q9H078	4
Q9FQ09	4
Q10168	4
G5EDM7	4
P46783	4
O49570	4
Q04401	4
A2AG06	4
A0A286YD83	4
Q94BV2	4
Q386M3	4
Q10148	4
Q94BS2	4
P32338	4
P32914	4
Q9Y4F3	4
Q03774	4
Q8BP40	4
Q8LPR8	4
Q7Z418	4
Q93Y07	4
O14188	4
P70122	4
F4K410	4
P10823	4
A0A0K3AUE4	4
Q8IVQ6	4
Q96KS0	4
P90994	4
Q5EU90	4
Q0P651	4
P38863	4
P34257	4
P40957	4
Q69IL4	4
P38325	4
Q8C167	4
P53692	4
Q3UNW5	4
Q99679	4
P38175	4
Q15004	4
Q8IM30	4
Q9LE82	4
Q6Z6M4	4
Q8N196	4
Q12931	4
Q62696	4
Q9CQY9	4
O81775	4
P37271	4
B4XT64	4
Q9NPJ4	4
Q40089	4
Q9FPR3	4
O22914	4
Q9UBP6	4
Q06032	4
P38996	4
O74356	4
O35914	4
P53874	4
O14097	4
Q6GPH4	4
Q9CQJ2	4
Q1ZXU0	4
Q10200	4
A4GSN8	4
Q03435	4
Q3MIR4	4
Q9Y7U7	4
Q35914	4
A0A8I5ZT12	4
P70331	4
Q9ES53	4
Q9Y6G1	4
P05435	4
Q9VR38	4
P53155	4
Q96SQ7	4
P09932	4
P36094	4
P42847	4
Q96HE9	4
Q06339	4
Q9UJX5	4
Q764M6	4
Q12050	4
A2SWM2	4
O14277	4
O61766	4
Q06389	4
Q8GTS1	4
Q9UBQ5	4
A6NJ78	4
Q63HR2	4
Q8K480	4
Q12277	4
Q99675	4
G5ECC7	4
A0A120KVR8	4
Q15560	4
P25043	4
P93740	4
Q9C900	4
Q9M3C6	4
Q5T3J3	4
P17152	4
P62875	4
F4I443	4
Q9WVJ4	4
Q21227	4
Q9BU61	4
P36078	4
Q06678	4
Q68DD2	4
F4I718	4
Q9UQ35	4
X5JA13	4
Q5JS13	4
Q7S6M9	4
Q9CRB9	4
Q7TPF1	4
Q1K528	4
Q5AJU7	4
P45968	4
Q8LC79	4
Q05344	4
Q8BG87	4
Q04341	4
Q93WX6	4
Q9S850	4
Q5GH67	4
P80217	4
Q05498	4
Q948R9	4
Q8L5Z4	4
Q9D1N4	4
P25040	4
Q08062	4
Q06801	4
O94643	4
P53241	4
Q9Z2Q2	4
P41696	4
Q96RN5	4
O82259	4
Q9SL05	4
P39705	4
Q969P5	4
Q9R1P0	4
Q08921	4
Q9FME4	4
P04921	4
P52868	4
Q04052	4
Q9H902	4
Q12530	4
O49203	4
Q8GWE0	4
P06778	4
P40121	4
O75004	4
Q9P7M3	4
O96000	4
Q12418	4
Q9UBH6	4
O82645	4
Q93VM9	4
P08593	4
Q9H4M3	4
B1ASB6	4
Q8R526	4
O74971	4
P39678	4
P18491	4
P28005	4
Q8NBZ0	4
Q05863	4
Q04705	4
P34537	4
Q80WL1	4
Q0JFZ0	4
P70669	4
O70361	4
Q7TMA4	4
P28321	4
Q8NI37	4
P53070	4
G5EC32	4
O13769	4
B6HU70	4
Q86WR6	4
O74910	4
P22217	4
Q80W99	4
P53866	4
Q96GM8	4
Q9HCC9	4
Q9FJK3	4
Q6UL01	4
Q7ZT82	4
Q9BV86	4
Q9FMW8	4
Q8BLG0	4
Q9SYJ8	4
O60674	4
Q9NRN9	4
P52172	4
P14736	4
Q9FMM3	4
O13601	4
Q00312	4
Q7SGU0	4
P62942	4
Q9BQL6	4
O54931	4
Q945P1	4
P47041	4
O94279	4
P07910	4
Q9Y804	4
Q5AP95	4
P46435	4
Q29455	4
Q9P287	4
Q14DK4	4
Q9BXW9	4
D3YXJ0	4
Q9SWW6	4
P63212	4
Q96255	4
P48412	4
P36130	4
Q63707	4
Q6P0N0	4
F4JTS8	4
Q9SW33	4
Q15388	4
Q9UPX6	4
Q04226	4
P38811	4
Q5XIE6	4
P0DOY1	4
Q9NUQ9	4
Q3UHH1	4
Q8TEV9	4
Q8VC65	4
O94829	4
Q65XX7	4
Q8WVI0	4
O24370	4
Q9NVD7	4
Q60698	4
Q7Z6K1	4
Q9QYJ6	4
Q5SNT2	4
Q92733	4
P40474	4
Q8H7F6	4
P40069	4
Q09601	4
Q9SQI3	4
A6YSL1	4
Q6NZQ4	4
O82743	4
Q9UK41	4
P53914	4
Q9W2I4	4
Q8RY71	4
Q9LY74	4
Q9R1X4	4
Q3TY86	4
O42924	4
O54699	4
P47141	4
Q8N9I9	4
O42998	4
Q8BGD8	4
Q80WK2	4
O43502	4
Q9SAA2	4
Q9VN60	4
Q9UTC0	4
Q86BP6	4
Q8C9E8	4
Q38FI2	4
Q8TDU6	4
O13297	4
O95359	4
D3ZUE1	4
O42649	4
Q9H3S7	4
O94286	4
Q9CQJ4	4
O23722	4
P52655	4
Q04311	4
Q9BTP7	4
Q3V0B4	4
Q9FFH1	4
A4D2B0	4
P46678	4
Q55FB8	4
A0A1S4FPC9	4
Q9ASP6	4
Q9SPU7	4
F4K687	4
Q9C516	4
B2D6M2	4
Q7RYM5	4
O94874	4
Q96AP0	4
O94522	4
P07269	4
F4IF36	4
Q9P802	4
Q6ZMT4	4
P41920	4
Q9Y3C4	4
Q6P2D8	4
Q9JHQ0	4
Q802Y8	4
Q9GZM5	4
Q9LD83	4
Q86BY9	4
Q92522	4
O94864	4
Q8VZ80	4
Q9UBC1	4
Q02630	4
Q21738	4
P53082	4
Q8K3G9	4
P0DI81	4
Q03246	4
Q501D5	4
Q7LL22	4
Q14657	4
O74361	4
Q71SY5	4
Q8BFX3	4
Q13950	4
Q94BQ3	4
Q9LY00	4
P25046	4
P40541	4
P89114	4
O59678	4
P53226	4
Q9ZV24	4
Q9LVS0	4
Q96B23	4
P53958	4
Q8K440	4
Q9Y5U8	4
Q02931	4
Q04305	4
Q6DYE8	4
P38237	4
P82412	4
Q9ZPQ3	4
Q56X52	4
Q0WUA3	4
Q8L8Z1	4
Q9VDE4	4
Q5Z807	4
B9EJG8	4
Q12753	4
O74790	4
Q9SR43	4
Q9D115	4
P15308	4
Q9LZ08	4
Q9FNQ0	4
O43164	4
P09114	4
P18496	4
Q16611	4
Q9VC45	4
Q9STG9	4
O94716	4
Q6UPE1	4
Q8N3Z6	4
Q01295	4
Q9LW29	4
Q8IIS5	4
Q8IG69	4
Q8R4N0	4
P11799	4
Q9VB62	4
P36037	4
Q9P000	4
Q9USM1	4
A0A5E4M3Q4	4
Q9C0C2	4
O60832	4
W7MAT5	4
Q9Y3A0	4
Q6PJG6	4
P87112	4
Q8BH86	4
P32322	4
Q5SWT3	4
Q9UHX1	4
Q9SA52	4
Q5I2A0	4
O75940	4
Q03654	4
Q8R3H9	4
Q3S4A7	4
F4K2A1	4
Q20924	4
P0CB49	4
B4DJY2	4
O94410	4
Q9C552	4
Q8GYD9	4
Q9D4H9	4
Q9NPL8	4
Q7SD06	4
Q07243	4
Q9M219	4
P62277	4
Q6TAS3	4
P38081	4
P47148	4
Q8IUH5	4
Q12038	4
Q9HAW4	4
P79005	4
Q0VD83	4
Q924L1	4
Q08235	4
A0A2I0BUK1	4
A6H8H2	4
Q6NZ36	4
Q9NYT0	4
Q9H4X1	4
Q80TT2	4
Q6ZJM9	4
Q6PL11	4
P40458	4
O43396	4
Q9BV20	4
O13800	4
A0A3S7X906	4
O70200	4
Q9M2Q6	4
Q7YUD6	4
Q15811	4
O59676	4
Q96T68	4
Q9ASX5	4
G5EGB2	4
Q05568	4
Q09260	4
Q3E785	4
Q9NPI6	4
A7UWX2	4
O74845	4
P41252	4
Q9US26	4
Q86YL7	5
Q27270	5
Q875I9	5
P20757	5
Q09098	5
P13691	5
P56201	5
P80392	5
P13598	5
Q28862	5
Q43413	5
P30440	5
O02380	5
Q9NRC9	5
Q13421	5
Q12546	5
Q9HB40	5
Q01528	5
Q39688	5
Q00870	5
Q00017	5
P01221	5
O43291	5
O70280	5
P09619	5
Q05359	5
P02743	5
Q92765	5
P82103	5
Q13433	5
P13917	5
Q17058	5
P61916	5
P86872	5
Q8MUP7	5
O14773	5
A0A1S3PBB7	5
P24052	5
P67788	5
P07602	5
O14625	5
Q8WQK0	5
Q6WN34	5
P02649	5
I6RA76	5
P01888	5
C7G3K3	5
P0DQB8	5
P20068	5
P35578	5
P19667	5
Q968Z6	5
Q09140	5
P21956	5
P81511	5
Q07092	5
Q9NYY1	5
Q92643	5
P28039	5
P0DUS8	5
Q8WZI8	5
Q7M3V1	5
O35310	5
Q8J0K5	5
Q8TDQ1	5
P28088	5
O60609	5
F1NSM7	5
P52798	5
E0X9F6	5
Q5PP12	5
P55899	5
Q9NPG1	5
I1SB12	5
P12024	5
P15289	5
L8BRS3	5
Q94K85	5
Q9UIK5	5
P24792	5
P04196	5
P67861	5
P00724	5
O55232	5
Q16568	5
O64392	5
Q13445	5
P32802	5
B9A8D7	5
Q28143	5
Q9U572	5
P08375	5
Q84ZX5	5
Q84V39	5
Q08334	5
Q7YZS9	5
P48747	5
Q16927	5
P51460	5
P05059	5
Q9ERQ6	5
P02760	5
Q9BZR6	5
P02774	5
P01027	5
Q8T9R8	5
Q8N766	5
Q8HYA9	5
P05560	5
Q06KA2	5
Q8BSU2	5
Q9Z0K8	5
Q9UKZ9	5
P07141	5
Q9U8D1	5
P12318	5
P56202	5
P13727	5
Q27085	5
P85841	5
Q9D6Y1	5
P0DKU2	5
P25236	5
P06332	5
Q8BPM6	5
F1RRV3	5
Q9NBW4	5
P86407	5
O93233	5
Q6ASY2	5
Q95UE8	5
Q7ZZN8	5
Q76FP5	5
P25033	5
P91629	5
P26202	5
Q08380	5
Q6X4U4	5
O76818	5
Q00954	5
P06205	5
B0JFB8	5
Q5G8A6	5
Q96F46	5
Q86YT9	5
P01579	5
P20013	5
P83869	5
Q969H8	5
Q23997	5
P85213	5
P00450	5
O95633	5
P0DUS7	5
P03971	5
Q9BX74	5
Q00945	5
Q95121	5
Q9R100	5
Q59XX2	5
Q8WMP9	5
P25942	5
O96935	5
Q5MJP5	5
Q29486	5
Q59Y31	5
Q9H9K5	5
K9L4P7	5
P18417	5
P48765	5
Q9SU40	5
P05160	5
P01033	5
P0DQE1	5
P00635	5
P28906	5
Q20745	5
O17679	5
Q9VV74	5
Q969V5	5
P07390	5
Q8I6Z7	5
Q8VYM2	5
Q9LFA3	5
P24278	5
Q9Y605	5
Q59LY1	5
Q9NZZ3	5
P32569	5
Q9Y3A4	5
Q99PD6	5
Q9Y4W2	5
P49917	5
Q9NTZ6	5
Q21776	5
Q9BW72	5
Q12180	5
Q96CB8	5
P32800	5
P53064	5
G4NCT7	5
Q940H2	5
Q9NUK0	5
Q9EPL8	5
O43739	5
P82024	5
O60336	5
Q9P212	5
P53969	5
Q9SFB0	5
Q7XK25	5
O60016	5
E9Q6W4	5
Q9H814	5
P01583	5
O88597	5
Q9Y3E7	5
Q8IRW8	5
E1BUG7	5
P18409	5
Q8R4U1	5
Q22323	5
P03925	5
Q9SM44	5
P39965	5
Q8MUJ1	5
O75832	5
O88942	5
P33418	5
Q06405	5
O43715	5
Q550D5	5
Q9FXH5	5
Q92574	5
Q68FY1	5
O70258	5
Q944N1	5
Q9Y3B8	5
P53941	5
P38633	5
Q07458	5
Q94131	5
Q4WSD1	5
Q6K881	5
Q9BPZ7	5
O45784	5
Q10573	5
Q9SY69	5
Q0JJ05	5
Q03330	5
P03899	5
P53598	5
P36606	5
Q9H8W5	5
Q96S44	5
Q96E14	5
P0C512	5
O77475	5
Q8W1E3	5
Q86W42	5
Q7TMF3	5
A6NGQ2	5
Q9S7E9	5
Q7TN79	5
Q6GYP7	5
Q6A0D4	5
Q9ERS2	5
Q9BS16	5
A0A0D1DYJ6	5
O94397	5
Q9SX29	5
Q9JI13	5
P54256	5
Q9DAA6	5
Q84WV6	5
Q8TBZ0	5
Q8BT35	5
Q8NI27	5
Q9BUI4	5
Q10271	5
O74783	5
P35729	5
Q9LXR9	5
O00154	5
H2KZH5	5
O75081	5
Q8N5A5	5
Q8RY95	5
P47174	5
Q9M9V6	5
Q8C206	5
Q64MA3	5
Q4PSU4	5
Q9UHW5	5
Q9P0W2	5
Q10412	5
P38198	5
O94294	5
O74975	5
P22138	5
Q9VAB8	5
Q8GZA8	5
Q96DE5	5
O23299	5
Q6DBA5	5
P54725	5
P38205	5
Q03305	5
P34708	5
Q6IQ55	5
P47910	5
Q15022	5
O35484	5
Q04002	5
P07274	5
P47087	5
P38777	5
Q9JJK1	5
P51163	5
A0A075TRA9	5
Q8CEG8	5
Q6F6B5	5
Q0WSX8	5
Q9FVE6	5
Q9LU05	5
P40043	5
O13516	5
P53569	5
P30658	5
G5ECN5	5
Q9TZ70	5
Q2Q5T5	5
P82538	5
Q8N1G0	5
P0DKH5	5
B9DHT4	5
A1L188	5
Q71BG9	5
Q9XH32	5
Q09330	5
Q80UP5	5
Q6PEY1	5
Q9LGE3	5
O96622	5
O94851	5
Q8N100	5
Q9FKS8	5
P03911	5
Q60865	5
Q9BRU2	5
Q9Y2F5	5
Q8LGU6	5
Q04031	5
P08740	5
Q4PIR3	5
Q2WG80	5
Q581T1	5
Q9C7S5	5
Q673G8	5
F6TQD1	5
Q5QGS0	5
Q7Z2D5	5
P23503	5
O95948	5
P61218	5
Q39709	5
Q9CR14	5
P17898	5
Q9UTE3	5
Q9FN03	5
P36954	5
P82137	5
A1L167	5
P36012	5
O59800	5
Q8VCF0	5
Q9FGN7	5
P32314	5
Q923B3	5
P25626	5
Q5AL36	5
J7M799	5
Q9W4X9	5
Q99816	5
P38351	5
Q8NBV4	5
Q91X84	5
Q9M8S7	5
P39946	5
Q9DEX1	5
Q9Y6G5	5
G5ECD6	5
Q00899	5
Q9Y0E4	5
Q8LPL7	5
Q9SA98	5
Q9C811	5
P23772	5
Q99728	5
Q10PI9	5
B7SXM5	5
Q1MTN3	5
Q9NXW2	5
Q9DCJ5	5
Q14005	5
O74964	5
Q9V4Z9	5
Q02759	5
O94494	5
Q8K5A9	5
Q07684	5
Q2TAK8	5
O70343	5
P82413	5
P30902	5
Q9UUJ4	5
Q9D495	5
G1XJN1	5
Q9Y6K9	5
P11860	5
O43137	5
Q3HNG7	5
P35201	5
Q94AI4	5
O13684	5
Q8NEZ4	5
Q8R104	5
Q60547	5
Q9SHZ6	5
Q07980	5
Q9SMH4	5
Q9BXP2	5
Q6Q4D0	5
Q9LK34	5
P24846	5
Q86X29	5
Q8N9N2	5
Q9URV3	5
Q8RWV0	5
Q75LV6	5
Q1K6U7	5
Q9LF24	5
P0DXC1	5
P28350	5
G5EDW7	5
Q12445	5
Q9USR4	5
Q9U226	5
Q96RL7	5
Q04500	5
Q13325	5
Q66JW3	5
Q8H0V5	5
O35615	5
A9LNK9	5
Q58A45	5
Q14694	5
P53277	5
O60729	5
P15847	5
Q5H943	5
P53552	5
O00180	5
P41541	5
Q5ND52	5
P0C0A9	5
Q9NX58	5
Q8L983	5
B6HQ74	5
P25346	5
Q95XQ1	5
Q94FY8	5
Q9V6Q2	5
Q3UL36	5
Q498E2	5
P25039	5
Q9EST4	5
Q8IU81	5
Q9LES4	5
Q9NV70	5
Q9NTK1	5
Q19972	5
Q6UXN9	5
Q05900	5
Q3UL53	5
Q5BJX1	5
Q15025	5
Q7RXU7	5
Q9STF2	5
Q9R269	5
Q9UQ13	5
P42842	5
O43521	5
P49017	5
P09597	5
O43504	5
Q6DYE4	5
P87133	5
Q62924	5
Q03081	5
Q8IZU0	5
P36516	5
Q9CPP6	5
P29590	5
Q94AI6	5
Q8L3X9	5
Q8QG92	5
O14318	5
Q9H1Z4	5
Q09808	5
Q8N695	5
Q7RTY1	5
Q7RX40	5
Q9NZB2	5
Q9VW27	5
P15505	5
O35826	5
Q86WA8	5
Q96LI5	5
P48164	5
Q9BYD2	5
Q6PFQ7	5
O75056	5
Q8R0N6	5
O22160	5
P18410	5
P38300	5
Q944H2	5
P10109	5
Q06511	5
G5EGF8	5
Q6Y5D8	5
Q8S4F6	5
Q9NPF4	5
Q8IWT0	5
Q7M3M8	5
Q8TCY9	5
Q95QK3	5
Q9D8V0	5
V5IQE0	5
Q9SAL0	5
Q9P1Z0	5
P32855	5
P21145	5
Q6S591	5
P0CY10	5
Q9UHP7	5
Q2KID9	5
P09543	5
O44498	5
Q9VEC3	5
O22161	5
Q9LJG6	5
P56280	5
Q9JIR4	5
Q7ZT01	5
Q9VT04	5
Q66JZ4	5
Q69ZR9	5
Q9H0U6	5
Q9Y8G3	5
Q9VE04	5
G4NCH6	5
Q9XGM3	5
Q6NME7	5
Q9H9D4	5
P32567	5
A6NK58	5
A6NDU8	5
Q9UPZ3	5
Q12467	5
Q10317	5
P56383	5
Q8R5A0	5
O74563	5
B3EWF7	5
P08708	5
Q8K0B2	5
Q9D6Z0	5
P53218	5
Q8BTW8	5
Q5MIZ7	5
A1ZAK1	5
P54920	5
P53233	5
Q9ZUX4	5
P53769	5
P33419	5
P09368	5
Q8GUL2	5
Q8JFQ4	5
Q9UTH0	5
P54860	5
P43586	5
Q95T12	5
Q8BGY9	5
P53166	5
Q61510	5
Q13309	5
P03872	5
O42978	5
G2HK15	5
Q03188	5
Q8R3K3	5
G4MWZ7	5
Q8NCN4	5
P35241	5
Q6U6G5	5
Q29RF7	5
P38858	5
Q8GSI0	5
Q9LQU4	5
O48528	5
Q9GS00	5
Q43157	5
Q9H147	5
Q5EAF2	5
Q96IY1	5
P97813	5
Q39055	5
P49411	5
P22058	5
H2L056	5
O74844	5
Q94JZ8	5
P12686	5
Q9W6G7	5
P57081	5
Q9BWN1	5
Q9GYS1	5
Q5VTR2	5
Q9LH52	5
P03903	5
P35728	5
F1M386	5
Q6NTE8	5
Q54XY4	5
Q9LPL4	5
A0A075TMP0	5
Q9BXC9	5
P36141	5
P0C6S7	5
Q96AE7	5
Q20591	5
O54697	5
Q42529	5
P46951	5
P40053	5
Q8NB78	5
Q61823	5
Q500U8	5
Q75GR5	5
Q99NF1	5
Q6P1S2	5
P19955	5
Q6PDY0	5
P32367	5
Q9H3K2	5
Q8BGC4	5
Q8WY64	5
Q09683	5
Q8VYJ1	5
Q96NW4	5
P00560	5
Q3E764	5
Q8WT44	5
P51175	5
Q9WUB6	5
Q7Z7G2	5
Q96ST8	5
P56671	5
P04040	5
P49728	5
Q9BZR9	5
P53238	5
Q8W487	5
P50402	5
Q9LPV5	5
Q9FPW4	5
Q6NPM8	5
Q63342	5
Q9ESX4	5
Q9JKT3	5
P07195	5
P0CT73	5
Q9P6P2	5
B5X0I6	5
P78753	5
Q93015	5
P54987	5
P00319	5
Q8L6Z4	5
Q9VKB9	5
O94473	5
Q8N4E7	5
Q9QXN0	5
P46673	5
Q9Y7M6	5
P14737	5
Q08874	5
Q9Z0S4	5
Q9W088	5
Q21443	5
P59382	5
Q12049	5
Q9UBD5	5
A0A509AJL3	5
P27469	5
Q9H444	5
Q12188	5
P35869	5
Q09130	5
B1AL88	5
Q02890	5
P38227	5
O76064	5
O97101	5
O22267	5
O75506	5
P38278	5
Q8CEG0	5
P23511	5
O95989	5
Q5SV85	5
B6RAL1	5
F4JAU2	5
O60130	5
Q9GYU8	5
P45432	5
Q8L748	5
Q3LHL9	5
P53720	5
P51960	5
Q1W6H9	5
Q02892	5
Q9VV73	5
O75821	5
Q5SWY8	5
P46984	5
Q23045	5
P53332	5
A6NFQ2	5
P19447	5
Q9Y616	5
P43618	5
B9TSP7	5
Q9P7C8	5
Q92374	5
P0DJI6	5
Q9VD44	5
P41910	5
Q04279	5
P38877	5
Q6UFS5	5
Q8WXG1	5
Q9BZ67	5
Q99MI9	5
Q9Y5A7	5
Q9VM92	5
P53165	5
Q9NZQ3	5
Q49B96	5
Q96ER3	5
P11178	5
O13927	5
P13638	5
Q8BHY2	5
Q76NL8	5
O42913	5
O88457	5
O13339	5
O74876	5
Q9C5S1	5
Q810J8	5
Q07897	5
P40631	5
O74365	5
O95751	5
P07249	5
Q9Y5L0	5
Q8IV76	5
Q9NVI7	5
Q6UWZ7	5
Q9EQQ4	5
O14827	5
Q3UB74	5
Q38998	5
Q9UHV9	5
Q9LYY2	5
F4KHI3	5
P04039	5
Q22707	5
A0A1W2P872	5
P53883	5
O74986	5
Q69YN2	5
P23225	5
P30551	5
Q00361	5
Q02223	5
Q9FGQ9	5
P20477	5
Q8TEB9	5
O43765	5
O82245	5
P40692	5
Q9SLD2	5
Q8T053	5
Q96I76	5
Q9Y817	5
Q9Y6B6	5
A2AIV2	5
Q9NZM4	5
P33201	5
Q10430	5
Q9NW75	5
Q6RFZ7	5
Q5XF07	5
O77408	5
P08212	5
Q08985	5
Q03201	5
Q5FWH3	5
P07247	5
Q5W7F1	5
O49629	5
Q5AFI4	5
Q03525	5
Q9VWF2	5
Q652K4	5
Q58WW2	5
O60447	5
Q9H7D0	5
Q8N3J2	5
P38727	5
O74500	5
P47085	5
Q9Z2S7	5
P32349	5
Q01842	5
P33751	5
Q9NQV6	5
P0DOW4	5
P91277	5
O60941	5
P78929	5
Q02354	5
P47077	5
Q8NFH3	5
P32903	5
O35284	5
Q0WNP3	5
Q96LL9	5
Q9BYE2	5
P82926	5
Q86Y01	5
Q9NS37	5
Q8C551	5
P39683	5
Q9Y6D6	5
P53803	5
O74374	5
Q9BT49	5
P28519	5
Q9P7L2	5
P42338	5
P15919	5
Q969F0	5
Q9LUI3	5
Q501F9	5
P32480	5
Q8NFH4	5
P30279	5
Q08760	5
Q9VC56	5
Q9LDC0	5
Q6ZQL4	5
Q9CR24	5
Q96KQ7	5
Q9BQS6	5
P22893	5
P36136	5
Q9LTK0	5
Q10109	5
P10627	5
Q9NQ92	5
P03877	5
O13895	5
P06701	5
Q3V0Q6	5
Q10B19	5
Q283Q6	5
Q9M7N6	5
Q8AWF4	5
O42855	5
Q55GF9	5
Q6Q5X2	5
Q7XR83	5
Q92585	5
Q06164	5
P36525	5
Q9BWU0	5
Q8WVT3	5
Q8L940	5
Q07914	5
Q9Z0D9	5
Q0WPF2	5
Q9CQK7	5
Q5ABU7	5
O23210	5
H2KYH4	5
O62683	5
Q9V9N4	5
Q6DWJ6	5
A0A0B5L781	5
O61715	5
Q6EPW7	5
Q9LYR5	5
P32841	5
Q4WJ81	5
A0A571BE98	5
P47171	5
Q7Y220	5
P13264	5
P53081	5
P09622	5
Q925F4	5
P97852	5
Q8I566	5
Q99607	5
O43543	5
Q8BM75	5
O82390	5
P54258	5
Q08926	5
Q9NEZ5	5
Q8GS60	5
Q8MLV1	5
P38289	5
Q9VNH1	5
Q96EA4	5
Q8RXN6	5
Q6PJT7	5
Q96PV7	5
Q8NC56	5
O74433	5
Q63398	5
O22802	5
Q5JPI9	5
P28040	5
O88735	5
Q8VZQ4	5
Q9UUI2	5
Q9SHJ5	5
Q9DAG5	5
Q00947	5
Q8HTL5	5
Q505B8	5
Q8BY35	5
P07266	5
P25299	5
Q9HD15	5
A9JRD8	5
Q9Y2G2	5
Q05934	5
Q92982	5
Q5LJZ2	5
Q14AF1	5
Q05648	5
Q14166	5
P10849	5
O96033	5
Q86XK2	5
O82628	5
O82204	5
Q9SV15	5
O47027	5
Q9I7U4	5
Q8VYB9	5
Q9WVC7	5
Q383Q5	5
Q925D4	5
Q96AB3	5
Q9V6U9	5
A0A140LI88	5
P53171	5
Q8VYF7	5
G4SLH0	5
P26358	5
I1RC73	5
Q9NWU2	5
Q9NS23	5
Q9UUE5	5
Q9FVQ1	5
P21375	5
Q8C9X6	5
P35558	5
Q8TEW0	5
Q9ULV3	5
Q9DCD5	5
O88554	5
A0A0D1CRC9	5
O14862	5
P36121	5
Q04477	5
P53152	5
Q9S745	5
Q95TS5	5
Q16514	5
Q9W0K4	5
Q9Z125	5
Q9U7C9	5
Q9UW82	5
Q9VFX3	5
P53942	5
Q9C446	5
Q02773	5
P38907	5
Q9BXS1	5
P42846	5
Q9WVH3	5
Q9W148	5
P36523	5
Q9BZH6	5
Q9N5S3	5
Q59UY7	5
Q9V727	5
Q08949	5
Q38845	5
Q7S4E7	5
B0L3A2	5
Q08816	5
F8VQK3	5
Q9H790	5
Q13501	5
Q9USY4	5
Q9D8H7	5
P49916	5
Q9LLC6	5
P87074	5
O17286	5
Q96HR8	5
Q8NAV1	5
O96006	5
P23526	5
P83369	5
P38429	5
Q10340	5
Q38946	5
Q8CI15	5
Q9P7P1	5
Q96HY7	5
Q9LS24	5
P42945	5
Q7Z7A4	5
Q8LGI2	5
Q9UBF9	5
O48917	5
P07261	5
P02314	5
P97376	5
Q8N9M5	5
J9VLJ9	5
P22134	5
P22516	5
Q2MH31	5
O82504	5
O13795	5
F4KCE9	5
P24867	5
P22812	5
Q10178	5
Q96KR7	5
Q9FVW4	5
Q9D995	5
A9Y0K8	5
Q9FMV1	5
Q01962	5
Q80VY9	5
Q9H063	5
Q9SX99	5
Q07510	5
Q6P4H8	5
Q8K4J6	5
P16048	5
Q14140	5
P32761	5
Q14978	5
Q9JJ09	5
Q8NB16	5
O82392	5
O08900	5
Q9WVB3	5
P15291	5
Q58DQ5	5
Q42588	5
P83103	5
Q7TSS2	5
Q9M8K7	5
Q9P0N8	5
P25632	5
Q969Y2	5
C4QWS8	5
Q9H9E3	5
Q8NFT6	5
Q8GYU3	5
Q9Y6X0	5
Q8W4J9	5
O49929	5
P23023	5
Q9FNP4	5
Q12486	5
P49802	5
P53148	5
O14497	5
O22920	5
Q9VQD6	5
P22342	5
P25359	5
O59793	5
Q9Y2K1	5
O61660	5
Q9NX52	5
Q8S950	5
P46062	5
P22798	5
Q12082	5
Q7S5N0	5
P38890	5
O94276	5
Q8WVQ1	5
A0A0D1DMJ6	5
Q9UM54	5
Q03079	5
Q9HE02	5
P34234	5
P41133	5
P21675	5
Q62141	5
Q8IYR2	5
P0C627	5
P39735	5
Q9NVU7	5
Q9JJR2	5
Q9D1M4	5
O95707	5
Q9LML2	5
Q923S6	5
Q61425	5
P29374	5
Q86VP3	5
Q0VD86	5
Q9P805	5
A0A078CGE6	5
Q9C685	5
O14015	5
O04249	5
Q9WVL3	5
Q8NI35	5
O42666	5
Q92349	5
P26449	5
Q08966	5
Q80VL0	5
Q8NEM7	5
I1SSI6	5
Q8N8Q8	5
Q7Z3E1	5
Q8WWM7	5
P36131	5
Q7Z3D4	5
Q03111	5
Q9UH92	5
P10690	5
Q8IX21	5
O60158	5
Q06630	5
Q9P7G6	5
O15360	5
Q8R4L0	5
P46379	5
Q94A41	5
Q12262	5
P34160	5
Q10990	5
Q15760	5
E3SCZ8	5
Q96QA5	5
Q01163	5
P56286	5
Q80ZG6	5
Q9H582	5
Q9UK76	5
Q9H204	5
P63220	5
P09234	5
Q9Y2T6	5
O74968	5
Q9NZC4	5
Q5XKP0	5
Q7S711	5
F4IMQ0	5
Q12802	5
P42166	5
Q0WPT7	5
Q9D915	5
O55003	5
Q6X632	5
Q99JB8	5
O15524	5
G5EF48	5
O88339	5
P53188	5
Q07938	5
Q5PP51	5
Q3MK94	5
Q6PGP7	5
Q9VDV3	5
Q99JS0	5
Q9SU25	5
P38631	5
Q9Y421	5
Q6UJY2	5
Q60866	5
P40498	5
Q7M0E7	5
Q9C9T2	5
Q9NZ42	5
P38253	5
Q86W26	5
Q8S9M1	5
F4KDN0	5
Q9ET80	5
Q8BMA5	5
Q9SL95	5
Q9NPD3	5
Q9BSJ5	5
P38297	5
Q05937	5
O94446	5
E5RQA1	5
P49335	5
Q9W0I5	5
Q06244	5
Q07913	5
Q7Z7H8	5
Q12524	5
O55102	5
Q9BTV5	5
Q9V444	5
O35235	5
P10662	5
A8MTT3	5
Q8GY89	5
Q9Z0J4	5
O35253	5
Q14157	5
Q96WW2	5
Q04779	5
Q00278	5
Q9EPB4	5
Q14159	5
Q9FVV7	5
O95833	5
Q9B6C8	5
Q80T11	5
O15304	5
P47093	5
P53850	5
Q9BW91	5
P36120	5
Q9LMK5	5
Q96AQ6	5
O46043	5
Q7Z695	5
Q9NWW0	5
Q91YT0	5
Q9P7B7	5
Q7Z614	5
Q9UHV7	5
P93286	5
Q95749	5
Q96PH1	5
G5DGA8	5
O14131	5
Q92575	5
Q9SQI2	5
Q19131	5
Q96P65	5
Q6P587	5
P51593	5
Q587J8	5
Q9D945	5
Q9DBR0	5
P47979	5
Q9M086	5
P0CY08	5
Q9LFC0	5
Q921W0	5
O94358	5
O23277	5
Q07896	5
A2AMM0	5
P25038	5
P57725	5
Q8TF40	5
Q9VMD0	5
Q9SZI6	5
Q80U87	5
Q1ENB6	5
P36088	5
F4ITM1	5
Q04347	5
O42848	5
Q6X7J9	5
D0VWV4	5
Q9LQF2	5
A7DTF0	5
Q4E657	5
Q04922	5
P21549	5
Q9Y2U8	5
Q10426	5
Q9LRH6	5
P24482	5
P51795	5
Q9FNN6	5
Q55GJ6	5
O81836	5
Q9JJG9	5
P53835	5
Q8WYA6	5
Q9GZZ1	5
Q9C7I5	5
P54797	5
Q8WUU5	5
A0A1P8BH03	5
P0DYC3	5
Q9P6N2	5
Q9VCX1	5
P40360	5
Q9QZA2	5
Q15233	5
Q03718	5
Q70Z53	5
P52435	5
Q10665	5
Q8CI52	5
Q96RS6	5
O35678	5
Q3ZC04	5
Q9P7M1	5
Q8GXJ1	5
Q9Y4Z0	5
O74958	5
P46939	5
Q8NEG4	5
O17670	5
Q9XVI2	5
Q06667	5
P0DW81	5
Q13772	5
A0A2I0C2C6	5
Q66HC5	5
O14235	5
Q8K3Y3	5
O94427	5
P38781	5
P23490	5
O14336	5
A0A437AGY2	5
C4R8D7	5
O75496	5
Q15080	5
Q6NNI3	5
P09956	5
W5U2K2	5
Q2HXU8	5
P36528	5
Q9LVV5	5
Q92262	5
Q9S7R7	5
Q9SSW0	5
Q9EPA0	5
Q9M022	5
P0CG13	5
Q8VY11	5
Q96M32	5
Q5SQP1	5
P10664	5
G3UVW3	5
Q68CK6	5
Q4PSK3	5
Q13342	5
Q9HFR0	5
Q9Y3S2	5
P23276	5
P82403	5
Q8BH70	5
O95900	5
Q9P305	5
Q07381	5
P14137	5
P14066	5
Q4ADV7	5
Q99321	5
P23369	5
A0A509ARF0	5
Q03385	5
Q9M7J4	5
O43924	5
Q80ZI1	5
Q6UXY1	5
A0A061ACU2	5
P62952	5
O94329	5
Q24246	5
Q9BVS5	5
E9PYL2	5
Q09669	5
Q9VJL6	5
Q9NX70	5
Q9NSI6	5
Q8C8M1	5
F4JV80	5
P53196	5
Q9Y3I1	5
Q8VYL1	5
Q9UUH3	5
Q09761	5
Q9LMA8	5
P61604	5
Q5SUQ9	5
Q9HAC7	5
Q8R507	5
Q4V835	5
Q95XA8	5
O14338	5
Q9M1X2	5
P0C2X8	5
Q9USQ4	5
P27793	5
F6ZDS4	5
O13683	5
O94822	5
Q8VZU2	5
G5EEC5	5
P54783	5
Q61884	5
Q02783	5
Q93YQ3	5
D3YXK1	5
Q96T76	5
Q06679	5
Q8N2F6	5
P61961	5
P83183	5
O94667	5
P81909	5
P33895	5
Q9UST6	5
P46736	5
Q10414	5
Q99L02	5
P91853	5
O62471	5
P40026	5
Q9XZT7	5
P56216	5
Q9M0A5	5
Q9C6T1	5
Q96HW7	5
P42844	5
Q8IXH6	5
Q9CX92	5
Q86YC2	5
Q19AV6	5
Q94KE2	5
O43805	5
Q8ND76	5
Q9FG37	5
P34226	5
Q10252	5
P22009	5
Q9W123	5
P0DPK0	5
Q8IVH4	5
Q13573	5
P08011	5
Q9NQZ6	5
Q9Y5J6	5
Q8RWX4	5
P22265	5
Q96QC0	5
O54957	5
O59836	5
Q67Y99	5
Q93YW0	5
Q9BUA3	5
Q9NUL5	5
Q9Y6K5	5
Q9Y2Z4	5
P38809	5
Q49MI3	5
Q39056	5
Q9P7K5	5
Q12216	5
P53838	5
Q01831	5
Q9PTD5	5
Q9NVR2	5
Q9UI26	5
Q01454	5
E7FKV8	5
Q9HDZ6	5
Q24434	5
Q92878	5
Q3E7A8	5
Q1W209	5
P82195	5
Q8TCY5	5
O75426	5
Q12504	5
P45974	5
Q8GTR4	5
P07257	5
P38264	5
P13712	5
Q80Z29	5
G5EGE9	5
P43589	5
P41247	5
D3YN49	5
Q6IN84	5
Q9Z1K6	5
Q18221	5
F4JS25	5
O43070	5
A2RTF1	5
P31942	5
Q9UPW6	5
Q6GNV6	5
P55199	5
Q9FNZ4	5
P38830	5
Q3ZBF9	5
P40342	5
Q5JVF3	5
P19173	5
P43579	5
Q10059	5
O60287	5
P38827	5
Q8WUX9	5
Q9M2N5	5
I6VSD2	5
Q09873	5
Q9SSA5	5
Q04659	5
Q5JPH6	5
P23709	5
P07213	5
P46995	5
Q9S720	5
Q709R6	5
Q42512	5
Q9FYB5	5
Q9HEV5	5
Q6ZN28	5
O60381	5
Q06162	5
P40099	5
Q9R0W5	5
D4A1X2	5
P13231	5
P78563	5
Q2TBE6	5
Q925J9	5
Q7SAJ1	5
P55241	5
P27472	5
O14275	5
P34078	5
Q8NEY3	5
Q96CX2	5
Q0VG06	5
Q95RV2	5
P40063	5
C4QM85	5
Q96I59	5
Q8VHL0	5
Q05021	5
Q9HAB3	5
F4HXY7	5
Q9CA67	5
Q93092	5
Q9UT32	5
P81449	5
Q8R010	5
P0DW10	5
Q06616	5
O70597	5
P07272	5
Q9M7I7	5
P80002	5
Q91XB0	5
Q9CAI5	5
Q99MY0	5
Q24459	5
Q4WW97	5
Q6PCP7	5
Q8NHG8	5
Q5BJM8	5
Q8N5M1	5
Q767K8	5
Q96BU1	5
P53628	5
O94516	5
Q06011	5
Q8IJH8	5
P35435	5
P32773	5
P21135	5
Q9SMX3	5
Q925G0	5
Q8L7F7	5
O74804	5
P31334	5
Q3KRB8	5
