accession	organism	kingdom	length	cleavage_pos	split	cv_fold
Q01528	Limulus polyphemus	Metazoa	172	19	training	5
Q09022	Xenopus laevis	Metazoa	84	18	training	1
Q27441	Aplysia californica	Metazoa	92	21	training	5
Q40975	Papaver rhoeas	Viridiplantae	139	19	benchmarking	
Q42502	Solanum tuberosum	Viridiplantae	386	23	benchmarking	
Q43871	Hordeum vulgare	Viridiplantae	115	25	benchmarking	
Q50KB1	Emiliania huxleyi	Other	223	17	training	2
Q589G4	Anoplius samariensis	Metazoa	75	17	training	3
Q5GQ85	Argas reflexus	Metazoa	159	16	training	1
Q5WPZ4	Lutzomyia longipalpis	Metazoa	115	22	training	3
Q70SU7	Salvelinus alpinus	Metazoa	342	19	training	1
Q7Z0T3	Aplysia californica	Metazoa	125	22	training	5
Q8I7X1	Porcellio scaber	Metazoa	145	21	training	1
Q8J0D2	Geotrichum sp. (strain M128)	Fungi	812	23	training	1
Q95UE8	Lucilia cuprina	Metazoa	220	19	training	2
A7VN15	Protobothrops flavoviridis	Metazoa	79	19	training	2
G9M8X1	Nephotettix cincticeps	Metazoa	687	19	training	4
O96059	Bombyx mori	Metazoa	66	24	training	2
P01076	Solanum lycopersicum	Viridiplantae	77	32	training	3
P08375	Sarcophaga peregrina	Metazoa	63	23	training	3
P0DPU9	Myrmecia gulosa	Metazoa	67	25	training	4
P0DQC1	Scolopendra dehaani	Metazoa	92	20	training	4
P0DUS8	Doratifera vulnerans	Metazoa	59	17	training	3
P14217	Chlamydomonas reinhardtii	Viridiplantae	647	21	training	2
P23044	Robillarda sp. (strain Y-20)	Fungi	385	17	training	5
P27613	Trichostrongylus colubriformis	Metazoa	173	15	training	4
P31419	Manduca sexta	Metazoa	161	20	training	5
P35578	Zootoca vivipara	Metazoa	172	21	training	5
P55057	Oryctolagus cuniculus	Metazoa	124	27	training	3
P81941	Pseudopleuronectes americanus	Metazoa	68	22	benchmarking	
P83508	Cavia porcellus	Metazoa	170	16	training	1
Q06K61	Phlebotomus duboscqi	Metazoa	516	20	training	5
Q06KA5	Phlebotomus duboscqi	Metazoa	142	20	benchmarking	
Q29W25	Crocus sativus	Viridiplantae	168	26	training	3
Q53B52	Ophiophagus hannah	Metazoa	78	21	benchmarking	
Q8MUP7	Ixodes scapularis	Metazoa	102	21	training	1
Q94733	Rhodnius prolixus	Metazoa	202	23	benchmarking	
Q9GSA4	Galleria mellonella	Metazoa	113	19	training	1
Q9GU69	Lymnaea stagnalis	Metazoa	64	21	training	1
Q9LLT1	Juniperus virginiana	Viridiplantae	367	21	benchmarking	
W1I921	Achatina achatina	Metazoa	184	26	training	4
P82384	Drosophila melanogaster	Metazoa	92	16	training	1
P81827	Rattus norvegicus	Metazoa	101	21	training	1
A0A023W145	Ethmostigmus rubripes	Metazoa	88	24	training	3
P15450	Apis mellifera	Metazoa	53	19	training	4
P21978	Leishmania amazonensis	Other	476	32	training	4
P27919	Avena sativa	Viridiplantae	214	28	benchmarking	
Q8MMH0	Pimpla hypochondriaca	Metazoa	109	21	training	5
Q8T0W1	Pimpla hypochondriaca	Metazoa	115	22	training	4
Q8T0W3	Pimpla hypochondriaca	Metazoa	63	25	training	2
Q8T113	Bombyx mori	Metazoa	227	17	training	3
A0A0F7YYX3	Conus victoriae	Metazoa	196	25	training	3
P22327	Trichoplusia ni	Metazoa	624	18	training	1
P45590	Hyalophora cecropia	Metazoa	129	17	benchmarking	
P86872	Margaritifera margaritifera	Metazoa	260	19	training	1
Q7Z1K3	Anisakis simplex	Metazoa	194	23	training	5
B3STN7	Nosema bombycis (strain CQ1 / CVCC 102059)	Fungi	316	18	training	1
O02380	Tyrophagus putrescentiae	Metazoa	141	15	training	1
O76192	Galleria mellonella	Metazoa	167	17	training	2
P43174	Ambrosia psilostachya	Viridiplantae	77	22	training	4
Q0ZS87	Phlebotomus perniciosus	Metazoa	393	18	training	2
Q9TT95	Sus scrofa	Metazoa	120	22	benchmarking	
B3STN5	Nosema bombycis (strain CQ1 / CVCC 102059)	Fungi	278	19	benchmarking	
E0X9F6	Thaumetopoea pityocampa	Metazoa	126	18	training	1
P05560	Dromaius novaehollandiae	Metazoa	207	23	training	4
P0DMD3	Scolopendra mutilans	Metazoa	105	21	training	1
P42579	Lymnaea stagnalis	Metazoa	100	23	training	3
Q39962	Hevea brasiliensis	Viridiplantae	238	31	training	1
Q7M3V1	Chelonus sp. nr. curvimaculatus	Metazoa	246	20	training	5
Q8MMH5	Pimpla hypochondriaca	Metazoa	61	20	training	5
I6RA76	Scolopendra mutilans	Metazoa	64	18	benchmarking	
P0DPU7	Scolopendra dehaani	Metazoa	78	25	training	2
P91629	Drosophila miranda	Metazoa	126	16	training	5
P27654	Saccharomyces cerevisiae (strain ATCC 204508 / S288c)	Fungi	210	19	training	3
P28798	Mus musculus	Metazoa	589	17	training	3
P32472	Saccharomyces cerevisiae (strain ATCC 204508 / S288c)	Fungi	135	17	training	5
P38574	Bos taurus	Metazoa	287	18	training	1
P47178	Saccharomyces cerevisiae (strain ATCC 204508 / S288c)	Fungi	298	19	training	2
P48765	Bos taurus	Metazoa	970	32	training	3
P51868	Rattus norvegicus	Metazoa	413	19	benchmarking	
P54660	Dictyostelium discoideum	Other	143	22	training	2
P54900	Rattus norvegicus	Metazoa	215	29	training	3
Q01129	Rattus norvegicus	Metazoa	354	16	training	1
Q05928	Mus musculus	Metazoa	177	31	training	5
Q12396	Saccharomyces cerevisiae (strain ATCC 204508 / S288c)	Fungi	444	46	training	2
Q556R7	Dictyostelium discoideum	Other	303	24	training	4
Q61789	Mus musculus	Metazoa	3330	31	training	3
Q6IUU3	Rattus norvegicus	Metazoa	750	32	benchmarking	
Q6QD51	Rattus norvegicus	Metazoa	949	27	benchmarking	
Q71DJ5	Arabidopsis thaliana	Viridiplantae	393	20	training	3
Q8H8C7	Oryza sativa subsp. japonica	Viridiplantae	356	28	training	3
Q8VCS0	Mus musculus	Metazoa	530	22	training	3
Q9ERQ6	Rattus norvegicus	Metazoa	571	30	training	1
Q9N4D8	Caenorhabditis elegans	Metazoa	123	17	training	2
Q9NAX4	Dictyostelium discoideum	Other	464	17	benchmarking	
Q9R1T7	Rattus norvegicus	Metazoa	200	20	training	3
Q9Z0K8	Mus musculus	Metazoa	512	23	training	4
B8JLQ9	Danio rerio	Metazoa	363	24	training	1
G5ED35	Caenorhabditis elegans	Metazoa	135	20	training	5
O13547	Saccharomyces cerevisiae (strain ATCC 204508 / S288c)	Fungi	238	22	training	4
P55955	Caenorhabditis elegans	Metazoa	132	19	training	4
Q653V7	Oryza sativa subsp. japonica	Viridiplantae	885	33	training	4
Q6Z232	Oryza sativa subsp. japonica	Viridiplantae	146	42	benchmarking	
A9UGV6	Oryza sativa subsp. japonica	Viridiplantae	61	26	training	2
P05367	Mus musculus	Metazoa	122	19	training	5
P15270	Dictyostelium discoideum	Other	424	23	training	1
P25068	Bos taurus	Metazoa	64	26	training	2
P81623	Bos taurus	Metazoa	258	29	training	5
Q20224	Caenorhabditis elegans	Metazoa	161	19	training	5
B0CPC6	Laccaria bicolor (strain S238N-H82 / ATCC MYA-4686)	Fungi	206	21	training	1
B9A8D7	Crassostrea virginica	Metazoa	85	18	training	3
O00105	Aspergillus niger	Fungi	564	19	training	4
O14412	Orpinomyces sp. (strain PC-2)	Fungi	245	29	training	5
O62605	Galleria mellonella	Metazoa	218	16	training	3
P01538	Viscum album	Viridiplantae	111	26	benchmarking	
P04706	Zea mays	Viridiplantae	223	19	training	2
P07529	Naganishia albida	Fungi	332	21	training	3
Q62598	Rattus norvegicus	Metazoa	687	17	training	1
Q63372	Rattus norvegicus	Metazoa	1530	30	training	2
Q63415	Rattus norvegicus	Metazoa	937	45	training	3
Q76BW5	Oryza sativa subsp. japonica	Viridiplantae	290	25	training	4
Q86IV5	Dictyostelium discoideum	Other	258	21	training	1
Q8WML4	Bos taurus	Metazoa	580	22	training	5
Q99MA2	Rattus norvegicus	Metazoa	674	22	training	2
Q9JI59	Mus musculus	Metazoa	298	28	benchmarking	
Q9R100	Mus musculus	Metazoa	827	25	training	2
Q9SUQ8	Arabidopsis thaliana	Viridiplantae	187	29	training	5
Q9V496	Drosophila melanogaster	Metazoa	3351	25	training	4
Q9VA83	Drosophila melanogaster	Metazoa	227	19	training	3
Q9VG55	Drosophila melanogaster	Metazoa	191	24	benchmarking	
Q9VH14	Drosophila melanogaster	Metazoa	210	27	training	5
Q9VMD9	Drosophila melanogaster	Metazoa	2188	18	benchmarking	
Q9Z0L3	Mus musculus	Metazoa	485	17	training	5
A0A7J6K7I9	Toxoplasma gondii	Other	553	64	training	4
C7G3K3	Liocheles australasiae	Metazoa	80	21	training	4
D3GDK4	Cryptopygus antarcticus	Metazoa	225	15	training	2
O00092	Aspergillus fumigatus (strain ATCC MYA-4609 / CBS 101355 / FGSC A1100 / Af293)	Fungi	465	26	training	3
O46432	Felis catus	Metazoa	1007	50	training	4
O64411	Zea mays	Viridiplantae	500	28	training	4
O97939	Sus scrofa	Metazoa	1142	38	training	2
P07981	Trichoderma reesei	Fungi	459	22	benchmarking	
P09479	Gallus gallus	Metazoa	456	20	training	1
P0C1B3	Aspergillus oryzae (strain ATCC 42149 / RIB 40)	Fungi	499	21	training	2
P0CS93	Gibberella zeae	Fungi	680	24	training	4
P22412	Sus scrofa	Metazoa	409	16	training	5
P24021	Aspergillus oryzae (strain ATCC 42149 / RIB 40)	Fungi	287	20	benchmarking	
P35495	Sus scrofa	Metazoa	133	24	training	1
P42292	Gallus gallus	Metazoa	588	33	training	1
P48819	Sus scrofa	Metazoa	459	19	training	5
P81702	Ceratocystis fimbriata f. sp. platani	Fungi	134	14	benchmarking	
Q09131	Glycine max	Viridiplantae	464	30	benchmarking	
Q09140	Schizosaccharomyces pombe (strain 972 / ATCC 24843)	Fungi	1448	18	benchmarking	
Q9UAD0	Olivierus martensii	Metazoa	59	24	training	2
Q9UVI4	Claviceps fusiformis	Fungi	394	16	training	4
Q8NBI3	Homo sapiens	Metazoa	349	25	training	2
P60153	Homo sapiens	Metazoa	205	26	training	2
Q5FWE3	Homo sapiens	Metazoa	981	27	training	5
O75711	Homo sapiens	Metazoa	98	20	training	3
P12872	Homo sapiens	Metazoa	115	25	benchmarking	
P80748	Homo sapiens	Metazoa	117	17	training	4
Q6UWV2	Homo sapiens	Metazoa	235	31	benchmarking	
Q8TAL6	Homo sapiens	Metazoa	211	18	training	5
Q9BX93	Homo sapiens	Metazoa	195	19	training	5
Q9HB40	Homo sapiens	Metazoa	452	26	training	3
Q6UXK5	Homo sapiens	Metazoa	716	25	training	3
Q6UW32	Homo sapiens	Metazoa	110	24	training	2
Q96PL1	Homo sapiens	Metazoa	93	21	training	4
Q9NTU7	Homo sapiens	Metazoa	201	27	training	5
P80513	Bos taurus	Metazoa	179	21	benchmarking	
Q3UN54	Mus musculus	Metazoa	99	21	training	4
Q55GS3	Dictyostelium discoideum	Other	607	19	training	1
Q8LG54	Arabidopsis thaliana	Viridiplantae	130	21	benchmarking	
O48818	Arabidopsis thaliana	Viridiplantae	257	20	training	4
O70280	Rattus norvegicus	Metazoa	212	26	benchmarking	
P07507	Bos taurus	Metazoa	103	19	training	4
P21837	Dictyostelium discoideum	Other	550	19	training	4
Q02862	Mus musculus	Metazoa	184	15	training	5
Q0P569	Bos taurus	Metazoa	474	24	training	2
Q4V645	Drosophila melanogaster	Metazoa	108	29	training	4
Q8LD43	Arabidopsis thaliana	Viridiplantae	62	22	training	2
Q8MI01	Bos taurus	Metazoa	330	23	training	2
Q9LJD9	Arabidopsis thaliana	Viridiplantae	60	27	training	2
Q9M373	Arabidopsis thaliana	Viridiplantae	74	26	training	4
D3Z9M3	Rattus norvegicus	Metazoa	109	16	training	3
G3MYZ3	Bos taurus	Metazoa	604	21	training	3
G5EC68	Caenorhabditis elegans	Metazoa	85	17	training	3
P02780	Rattus norvegicus	Metazoa	95	18	benchmarking	
P04557	Bos taurus	Metazoa	140	25	training	5
P06911	Rattus norvegicus	Metazoa	188	19	training	1
P19035	Bos taurus	Metazoa	96	23	training	2
P81264	Bos taurus	Metazoa	98	22	training	2
Q27972	Bos taurus	Metazoa	361	24	training	2
Q53NL5	Oryza sativa subsp. japonica	Viridiplantae	290	27	training	2
Q5PP12	Arabidopsis thaliana	Viridiplantae	69	25	training	4
Q62632	Rattus norvegicus	Metazoa	306	18	benchmarking	
Q95121	Bos taurus	Metazoa	416	20	training	4
Q9C9H5	Arabidopsis thaliana	Viridiplantae	484	21	training	4
P02783	Rattus norvegicus	Metazoa	112	21	benchmarking	
P08541	Rattus norvegicus	Metazoa	530	23	training	3
P09586	Mus musculus	Metazoa	222	31	training	4
Q05443	Bos taurus	Metazoa	342	18	training	5
Q10E50	Oryza sativa subsp. japonica	Viridiplantae	163	43	training	2
Q10NX8	Oryza sativa subsp. japonica	Viridiplantae	858	30	training	3
Q28862	Bos taurus	Metazoa	310	16	training	5
Q5JNJ5	Oryza sativa subsp. japonica	Viridiplantae	237	28	training	2
O35806	Rattus norvegicus	Metazoa	1764	35	training	4
P13204	Bos taurus	Metazoa	129	26	training	4
P17690	Bos taurus	Metazoa	345	19	training	3
P18892	Bos taurus	Metazoa	526	26	benchmarking	
Q18184	Caenorhabditis elegans	Metazoa	89	23	training	2
Q60GF7	Rattus norvegicus	Metazoa	252	22	training	3
Q63191	Rattus norvegicus	Metazoa	1216	21	training	3
A0A2I6QB00	Trametes coccinea (strain BRFM310)	Fungi	418	18	benchmarking	
A1IKL2	Anisakis simplex	Metazoa	152	18	training	2
B4FZ87	Zea mays	Viridiplantae	396	31	training	5
C0HL38	Trichonephila clavata	Metazoa	60	19	training	1
C4NZN9	Hyas araneus	Metazoa	131	16	training	5
G1CWH6	Clitoria ternatea	Viridiplantae	122	25	training	2
O42720	Ajellomyces capsulatus (strain G186AR / H82 / ATCC MYA-2454 / RMSCC 2432)	Fungi	110	32	training	5
O59896	Pycnoporus cinnabarinus	Fungi	518	21	training	5
O76942	Encephalitozoon cuniculi (strain GB-M1)	Fungi	395	22	benchmarking	
O93233	Gloydius brevicaudus siniticus	Metazoa	331	23	training	4
P01269	Sus scrofa	Metazoa	115	25	training	5
P02779	Oryctolagus cuniculus	Metazoa	91	21	benchmarking	
P0C8G7	Pomacea canaliculata	Metazoa	286	30	training	2
P13917	Glycine max	Viridiplantae	427	24	training	3
P18657	Macaca fascicularis	Metazoa	83	26	training	1
P23577	Chlamydomonas reinhardtii	Viridiplantae	317	31	training	2
P24817	Momordica charantia	Viridiplantae	286	23	benchmarking	
P42705	Canis lupus familiaris	Metazoa	352	23	training	3
P80022	Solanum lycopersicum	Viridiplantae	230	25	benchmarking	
P82358	Acanthoscurria gomesiana	Metazoa	84	23	training	1
P83313	Opistophthalmus carinatus	Metazoa	82	22	training	2
P86407	Mesobuthus eupeus	Metazoa	75	22	training	1
P86798	Cupiennius salei	Metazoa	140	19	training	3
Q00017	Aspergillus aculeatus	Fungi	250	17	training	3
Q12546	Aspergillus ficuum	Fungi	614	22	training	4
Q29381	Sus scrofa	Metazoa	439	25	training	5
Q5MJP5	Anuroctonus phaiodactylus	Metazoa	90	18	training	5
Q6TPK4	Actinidia deliciosa	Viridiplantae	116	26	training	5
Q76FB0	Cyanidium caldarium	Other	155	20	benchmarking	
Q8NK90	Aspergillus kawachii (strain NBRC 4308)	Fungi	628	25	benchmarking	
Q95NY5	Anopheles stephensi	Metazoa	315	18	training	1
Q9U943	Locusta migratoria	Metazoa	3380	21	training	2
A4LAR6	Grifola frondosa	Fungi	107	24	training	4
C5P3X6	Coccidioides posadasii (strain C735)	Fungi	276	18	training	1
G4V4F9	Cupiennius salei	Metazoa	97	19	training	2
O96910	Aplysia californica	Metazoa	76	18	training	5
P04119	Sus scrofa	Metazoa	178	18	training	1
P08505	Mus musculus	Metazoa	211	24	training	2
P12729	Dictyostelium discoideum	Other	168	19	benchmarking	
P16382	Mus musculus	Metazoa	810	25	training	5
P16882	Mus musculus	Metazoa	650	24	training	2
P17164	Rattus norvegicus	Metazoa	462	28	training	5
P17697	Bos taurus	Metazoa	439	19	training	1
P18181	Mus musculus	Metazoa	240	22	training	3
P20826	Mus musculus	Metazoa	273	25	training	2
P32803	Saccharomyces cerevisiae (strain ATCC 204508 / S288c)	Fungi	203	20	training	4
P45478	Bos taurus	Metazoa	306	27	benchmarking	
P54837	Saccharomyces cerevisiae (strain ATCC 204508 / S288c)	Fungi	211	20	training	4
P80109	Bos taurus	Metazoa	839	23	training	4
Q01460	Rattus norvegicus	Metazoa	367	23	training	4
Q05359	Saccharomyces cerevisiae (strain ATCC 204508 / S288c)	Fungi	219	22	training	5
Q12127	Saccharomyces cerevisiae (strain ATCC 204508 / S288c)	Fungi	133	18	training	3
Q28143	Bos taurus	Metazoa	456	35	benchmarking	
Q61400	Mus musculus	Metazoa	265	33	training	4
Q61508	Mus musculus	Metazoa	559	19	benchmarking	
Q63617	Rattus norvegicus	Metazoa	999	32	benchmarking	
Q8C1Q4	Mus musculus	Metazoa	291	21	benchmarking	
Q968Z6	Dictyostelium discoideum	Other	557	19	training	2
Q9LXD6	Arabidopsis thaliana	Viridiplantae	773	23	training	3
Q9SU40	Arabidopsis thaliana	Viridiplantae	587	20	training	4
O08795	Mus musculus	Metazoa	521	14	training	3
O35310	Mus musculus	Metazoa	311	20	training	1
O88917	Rattus norvegicus	Metazoa	1515	24	training	3
P00724	Saccharomyces cerevisiae (strain ATCC 204508 / S288c)	Fungi	532	19	benchmarking	
P01139	Mus musculus	Metazoa	241	18	benchmarking	
P02466	Rattus norvegicus	Metazoa	1372	22	training	3
P05059	Bos taurus	Metazoa	449	18	training	2
P06332	Mus musculus	Metazoa	457	26	training	5
P07727	Rattus norvegicus	Metazoa	457	28	benchmarking	
P11590	Mus musculus	Metazoa	178	16	training	1
P19137	Mus musculus	Metazoa	3083	24	training	3
P19427	Bos taurus	Metazoa	201	18	training	1
P23389	Bos taurus	Metazoa	646	20	training	1
P25236	Rattus norvegicus	Metazoa	385	19	benchmarking	
P0C8E8	Rhipicephalus sanguineus	Metazoa	86	20	training	1
P0DUT6	Doratifera vulnerans	Metazoa	66	20	training	2
P10257	Oncorhynchus keta	Metazoa	137	24	training	1
P20013	Trametes versicolor	Fungi	372	26	training	2
P33559	Aspergillus kawachii (strain NBRC 4308)	Fungi	327	25	benchmarking	
P48747	Oryctolagus cuniculus	Metazoa	557	21	training	1
P56829	Ovis aries	Metazoa	195	23	training	2
P59938	Olivierus martensii	Metazoa	57	21	training	3
P67876	Aspergillus restrictus	Fungi	176	27	benchmarking	
P80060	Locusta migratoria	Metazoa	92	19	training	3
P85213	Galleria mellonella	Metazoa	72	29	benchmarking	
P85261	Actinidia chinensis var. chinensis	Viridiplantae	213	24	benchmarking	
Q07081	Aquarana catesbeiana	Metazoa	464	16	training	1
Q17058	Apis mellifera	Metazoa	567	17	training	3
Q5KQS1	Gloydius blomhoffii	Metazoa	324	19	benchmarking	
Q6RG02	Penaeus merguiensis	Metazoa	2586	18	benchmarking	
P01588	Homo sapiens	Metazoa	193	27	benchmarking	
P02760	Homo sapiens	Metazoa	352	19	benchmarking	
P02763	Homo sapiens	Metazoa	201	18	training	4
P04196	Homo sapiens	Metazoa	525	18	training	5
P05113	Homo sapiens	Metazoa	134	19	training	3
P07602	Homo sapiens	Metazoa	524	16	training	1
P08069	Homo sapiens	Metazoa	1367	30	benchmarking	
P08514	Homo sapiens	Metazoa	1039	31	training	4
P10163	Homo sapiens	Metazoa	310	16	benchmarking	
P11021	Homo sapiens	Metazoa	654	18	training	4
P11150	Homo sapiens	Metazoa	499	22	training	1
P14209	Homo sapiens	Metazoa	185	22	benchmarking	
P15018	Homo sapiens	Metazoa	202	22	training	2
P16144	Homo sapiens	Metazoa	1822	27	benchmarking	
P20062	Homo sapiens	Metazoa	427	18	training	4
P24821	Homo sapiens	Metazoa	2201	22	training	5
P26010	Homo sapiens	Metazoa	798	19	benchmarking	
P28906	Homo sapiens	Metazoa	385	31	training	4
P29320	Homo sapiens	Metazoa	983	20	training	1
P29459	Homo sapiens	Metazoa	219	22	training	4
P31025	Homo sapiens	Metazoa	176	18	training	4
P48307	Homo sapiens	Metazoa	235	22	training	1
P51460	Homo sapiens	Metazoa	131	20	benchmarking	
P54803	Homo sapiens	Metazoa	685	42	training	4
P56202	Homo sapiens	Metazoa	376	21	training	5
P60568	Homo sapiens	Metazoa	153	20	benchmarking	
P61916	Homo sapiens	Metazoa	151	19	training	5
Q01638	Homo sapiens	Metazoa	556	18	training	5
Q07092	Homo sapiens	Metazoa	1604	21	training	2
Q07654	Homo sapiens	Metazoa	80	21	training	5
Q08334	Homo sapiens	Metazoa	325	19	training	2
Q14773	Homo sapiens	Metazoa	271	30	training	1
Q5UCC4	Homo sapiens	Metazoa	262	25	training	4
Q6UW56	Homo sapiens	Metazoa	229	30	training	2
Q8NC67	Homo sapiens	Metazoa	525	22	training	5
Q8TD06	Homo sapiens	Metazoa	166	21	training	1
Q8TDQ1	Homo sapiens	Metazoa	290	19	training	2
Q8WUJ3	Homo sapiens	Metazoa	1361	30	training	2
Q92765	Homo sapiens	Metazoa	325	32	benchmarking	
P16636	Rattus norvegicus	Metazoa	411	21	training	1
P21956	Mus musculus	Metazoa	463	22	benchmarking	
P30919	Rattus norvegicus	Metazoa	345	23	training	1
P31096	Bos taurus	Metazoa	278	16	training	3
P32478	Saccharomyces cerevisiae (strain ATCC 204508 / S288c)	Fungi	413	18	training	4
P41543	Saccharomyces cerevisiae (strain ATCC 204508 / S288c)	Fungi	476	22	training	1
P42264	Rattus norvegicus	Metazoa	919	31	training	2
P43497	Saccharomyces cerevisiae (strain ATCC 204508 / S288c)	Fungi	92	20	training	5
P48439	Saccharomyces cerevisiae (strain ATCC 204508 / S288c)	Fungi	350	22	benchmarking	
P53616	Saccharomyces cerevisiae (strain ATCC 204508 / S288c)	Fungi	420	24	training	2
Q00954	Rattus norvegicus	Metazoa	218	18	benchmarking	
Q01965	Mus musculus	Metazoa	654	47	training	3
Q08481	Mus musculus	Metazoa	727	17	training	4
Q28173	Bos taurus	Metazoa	416	22	training	5
Q61885	Mus musculus	Metazoa	246	28	benchmarking	
Q62192	Mus musculus	Metazoa	661	20	training	2
Q64385	Mus musculus	Metazoa	432	23	training	3
Q7KRU8	Drosophila melanogaster	Metazoa	205	19	training	1
Q7TQN3	Mus musculus	Metazoa	571	29	benchmarking	
Q8BHP7	Mus musculus	Metazoa	681	32	training	1
Q8BPM6	Mus musculus	Metazoa	367	31	benchmarking	
Q8BSU2	Mus musculus	Metazoa	246	26	training	1
Q8RUW5	Arabidopsis thaliana	Viridiplantae	433	19	training	5
Q8S2W4	Arabidopsis thaliana	Viridiplantae	61	22	benchmarking	
Q8SXL2	Drosophila melanogaster	Metazoa	136	24	training	2
Q8T1G4	Dictyostelium discoideum	Other	181	19	training	3
Q91XZ4	Mus musculus	Metazoa	772	28	benchmarking	
Q94K85	Arabidopsis thaliana	Viridiplantae	359	26	training	2
Q99372	Rattus norvegicus	Metazoa	870	27	benchmarking	
Q9D6Y1	Mus musculus	Metazoa	273	21	training	1
Q9ES58	Rattus norvegicus	Metazoa	327	23	training	1
Q9GL30	Bos taurus	Metazoa	545	35	training	2
O55038	Mus musculus	Metazoa	109	21	training	5
P00635	Saccharomyces cerevisiae (strain ATCC 204508 / S288c)	Fungi	467	17	training	5
P01027	Mus musculus	Metazoa	1663	24	benchmarking	
P04925	Mus musculus	Metazoa	254	22	training	5
P04937	Rattus norvegicus	Metazoa	2477	24	benchmarking	
P07994	Bos taurus	Metazoa	360	17	training	5
P26842	Homo sapiens	Metazoa	260	19	training	1
P31358	Homo sapiens	Metazoa	61	24	benchmarking	
P33681	Homo sapiens	Metazoa	288	34	training	2
P36980	Homo sapiens	Metazoa	270	18	training	2
P41271	Homo sapiens	Metazoa	181	16	benchmarking	
P43307	Homo sapiens	Metazoa	286	18	training	2
P51654	Homo sapiens	Metazoa	580	24	benchmarking	
P55058	Homo sapiens	Metazoa	493	17	training	4
P59665	Homo sapiens	Metazoa	94	19	training	3
Q02809	Homo sapiens	Metazoa	727	18	training	5
Q13007	Homo sapiens	Metazoa	206	51	training	1
Q13421	Homo sapiens	Metazoa	622	36	training	2
Q13433	Homo sapiens	Metazoa	755	28	training	2
Q15399	Homo sapiens	Metazoa	786	24	training	5
Q6UWI2	Homo sapiens	Metazoa	310	20	training	3
Q6UWL6	Homo sapiens	Metazoa	708	20	training	2
Q6UWN5	Homo sapiens	Metazoa	251	25	training	3
Q6X4U4	Homo sapiens	Metazoa	206	23	training	1
Q6ZSA7	Homo sapiens	Metazoa	298	34	benchmarking	
Q86Y34	Homo sapiens	Metazoa	549	20	benchmarking	
Q8NAC3	Homo sapiens	Metazoa	791	20	benchmarking	
Q8NBK3	Homo sapiens	Metazoa	374	33	training	3
Q8NBN3	Homo sapiens	Metazoa	555	21	training	1
O43155	Homo sapiens	Metazoa	660	35	training	2
O43866	Homo sapiens	Metazoa	347	19	training	2
O75629	Homo sapiens	Metazoa	220	31	training	2
O94985	Homo sapiens	Metazoa	981	28	training	1
P01579	Homo sapiens	Metazoa	166	23	training	4
P02649	Homo sapiens	Metazoa	317	18	benchmarking	
P02743	Homo sapiens	Metazoa	223	19	training	4
P02774	Homo sapiens	Metazoa	474	16	training	4
P04062	Homo sapiens	Metazoa	536	39	training	5
P04275	Homo sapiens	Metazoa	2813	22	training	2
P04844	Homo sapiens	Metazoa	631	22	training	2
P06028	Homo sapiens	Metazoa	91	19	training	3
P06865	Homo sapiens	Metazoa	529	22	benchmarking	
P07359	Homo sapiens	Metazoa	652	16	benchmarking	
P13671	Homo sapiens	Metazoa	934	21	training	3
P13686	Homo sapiens	Metazoa	325	21	benchmarking	
P16112	Homo sapiens	Metazoa	2530	16	training	4
P16150	Homo sapiens	Metazoa	400	19	training	5
P18510	Homo sapiens	Metazoa	177	25	training	2
P19438	Homo sapiens	Metazoa	455	29	training	4
P21128	Homo sapiens	Metazoa	410	18	training	4
P28039	Homo sapiens	Metazoa	575	23	training	1
P28335	Homo sapiens	Metazoa	458	32	training	2
P36897	Homo sapiens	Metazoa	503	33	training	1
P40259	Homo sapiens	Metazoa	229	28	training	3
P47710	Homo sapiens	Metazoa	185	15	training	3
P49767	Homo sapiens	Metazoa	419	31	training	3
P50895	Homo sapiens	Metazoa	628	31	training	3
P52798	Homo sapiens	Metazoa	201	25	training	3
P55000	Homo sapiens	Metazoa	103	22	training	5
P80188	Homo sapiens	Metazoa	198	20	training	3
P98066	Homo sapiens	Metazoa	277	17	benchmarking	
Q01151	Homo sapiens	Metazoa	205	19	training	4
Q02083	Homo sapiens	Metazoa	359	28	benchmarking	
Q02747	Homo sapiens	Metazoa	115	21	training	2
Q03405	Homo sapiens	Metazoa	335	22	training	4
Q13162	Homo sapiens	Metazoa	271	37	benchmarking	
Q14392	Homo sapiens	Metazoa	662	19	benchmarking	
Q14802	Homo sapiens	Metazoa	87	20	training	5
Q59Y31	Candida albicans (strain SC5314 / ATCC MYA-2876)	Fungi	533	21	training	3
Q84UV8	Nicotiana langsdorffii x Nicotiana sanderae	Viridiplantae	274	25	training	1
Q86LE5	Rhipicephalus microplus	Metazoa	110	20	training	5
Q8X150	Gaeumannomyces tritici	Fungi	618	16	training	5
Q9LRC8	Scutellaria baicalensis	Viridiplantae	527	25	benchmarking	
Q9TVX3	Olivierus martensii	Metazoa	61	28	training	4
U6BLZ9	Penicillium canescens	Fungi	463	26	training	3
A0A0D1DWQ2	Mycosarcoma maydis	Fungi	290	21	training	1
A0A7M6UMR7	Apis mellifera	Metazoa	1010	16	training	3
A6XMY0	Hyas araneus	Metazoa	64	25	benchmarking	
C0H9B6	Salmo salar	Metazoa	413	19	training	5
F1NSM7	Gallus gallus	Metazoa	743	18	benchmarking	
G4ZHR2	Phytophthora sojae (strain P6497)	Other	241	19	training	1
K9L4P7	Penicillium chrysogenum	Fungi	604	18	training	2
M1MR49	Rhipicephalus appendiculatus	Metazoa	176	24	training	4
O18998	Oryctolagus cuniculus	Metazoa	281	21	training	1
O42807	Aspergillus niger	Fungi	281	21	training	2
O64392	Triticum aestivum	Viridiplantae	146	21	training	4
O76818	Agrotis ipsilon	Metazoa	193	19	training	3
P0C8E7	Rhipicephalus sanguineus	Metazoa	114	20	benchmarking	
P0C8G6	Pomacea canaliculata	Metazoa	565	26	benchmarking	
P10764	Ovis aries	Metazoa	179	24	training	4
P18658	Macaca fascicularis	Metazoa	101	22	training	4
P30440	Felis catus	Metazoa	109	17	training	4
P30659	Lutzomyia longipalpis	Metazoa	86	23	training	4
P45561	Sus scrofa	Metazoa	189	16	training	1
P53366	Sus scrofa	Metazoa	188	21	training	5
P58154	Lymnaea stagnalis	Metazoa	229	19	training	4
P79208	Ovis aries	Metazoa	603	16	training	3
P85841	Tityus serrulatus	Metazoa	403	19	training	5
P93484	Pisum sativum	Viridiplantae	623	22	benchmarking	
Q00193	Oryctolagus cuniculus	Metazoa	540	24	benchmarking	
Q52085	Heterostelium pallidum	Other	320	19	training	4
Q5AMT2	Candida albicans (strain SC5314 / ATCC MYA-2876)	Fungi	308	18	training	4
Q6IWZ0	Aplysia californica	Metazoa	535	18	training	2
Q84ZX5	Artemisia vulgaris	Viridiplantae	132	24	training	2
Q8GT41	Platanus acerifolia	Viridiplantae	179	23	training	2
Q8MMJ7	Opisthacanthus madagascariensis	Metazoa	68	23	training	4
Q9NJ98	Manduca sexta	Metazoa	487	19	benchmarking	
Q9TY95	Plasmodium falciparum (isolate 3D7)	Other	997	22	training	5
A0A1S3PBB7	Salmo salar	Metazoa	375	23	benchmarking	
A0A8T9EMC0	Heliotropium indicum	Viridiplantae	661	20	benchmarking	
C0HKM3	Conus purpurascens	Metazoa	458	18	training	4
H6U1I8	Tanacetum cinerariifolium	Viridiplantae	365	27	training	2
O01949	Aedes aegypti	Metazoa	273	19	benchmarking	
O11780	Sus scrofa	Metazoa	683	23	benchmarking	
O62680	Sus scrofa	Metazoa	123	25	training	5
P01165	Sus scrofa	Metazoa	207	22	training	3
P01168	Sus scrofa	Metazoa	116	24	training	3
P01297	Sus scrofa	Metazoa	121	24	training	2
P05117	Solanum lycopersicum	Viridiplantae	457	24	training	5
P13806	Oryctolagus cuniculus	Metazoa	1106	26	benchmarking	
P14448	Gallus gallus	Metazoa	741	18	training	5
P20507	Chlamydomonas reinhardtii	Viridiplantae	377	20	training	1
P23631	Latrodectus tredecimguttatus	Metazoa	1401	20	training	1
P27731	Gallus gallus	Metazoa	150	20	training	4
P29026	Rhizopus oligosporus	Fungi	540	22	training	1
P29241	Aplysia californica	Metazoa	282	24	training	1
P30986	Eschscholzia californica	Viridiplantae	538	23	training	3
P42098	Sus scrofa	Metazoa	421	22	training	5
P49256	Canis lupus familiaris	Metazoa	356	44	training	4
Q39649	Cucurbita maxima	Viridiplantae	141	22	benchmarking	
Q41161	Robinia pseudoacacia	Viridiplantae	285	31	training	4
Q6GU94	Centruroides limpidus	Metazoa	56	24	training	3
Q84V39	Olea europaea	Viridiplantae	123	21	training	1
Q875I9	Aspergillus fumigatus	Fungi	238	17	training	1
A0A0F7YZQ7	Conus victoriae	Metazoa	100	24	training	3
A0A2I8B346	Paralithodes camtschaticus	Metazoa	62	23	benchmarking	
B0XRV0	Aspergillus fumigatus (strain CBS 144.89 / FGSC A1163 / CEA10)	Fungi	721	18	training	3
D7UQ40	Alternaria solani	Fungi	515	25	training	5
F1AWB0	Vaejovis mexicanus	Metazoa	82	22	training	4
F7J1C8	Flammulina velutipes	Fungi	249	21	training	4
I6S7G5	Scolopendra mutilans	Metazoa	84	16	benchmarking	
O02826	Sus scrofa	Metazoa	111	20	benchmarking	
P01070	Glycine max	Viridiplantae	216	24	training	1
P02659	Gallus gallus	Metazoa	106	24	training	4
P05790	Bombyx mori	Metazoa	5263	21	training	5
P06205	Limulus polyphemus	Metazoa	242	24	benchmarking	
P09791	Trypanosoma brucei brucei	Other	129	27	benchmarking	
P10762	Locusta migratoria	Metazoa	179	16	training	5
P10968	Triticum aestivum	Viridiplantae	212	26	training	2
P18709	Xenopus laevis	Metazoa	1807	15	training	2
P19400	Ascaris suum	Metazoa	169	20	training	1
P19425	Aedes aegypti	Metazoa	97	19	training	4
P20740	Gallus gallus	Metazoa	1473	36	benchmarking	
P23502	Entamoeba histolytica (strain ATCC 30459 / HM-1:IMSS / ABRM)	Other	1286	15	training	1
P38660	Mesocricetus auratus	Metazoa	439	19	training	1
P42660	Aedes aegypti	Metazoa	471	19	training	1
P80356	Avena sativa	Viridiplantae	220	19	benchmarking	
Q00870	Fusarium solani subsp. phaseoli	Fungi	350	19	benchmarking	
Q06K77	Phlebotomus duboscqi	Metazoa	336	21	training	1
Q27085	Tachypleus tridentatus	Metazoa	418	24	training	3
Q5B833	Emericella nidulans (strain FGSC A4 / ATCC 38163 / CBS 112.46 / NRRL 194 / M139)	Fungi	387	24	training	3
Q5BGU9	Emericella nidulans (strain FGSC A4 / ATCC 38163 / CBS 112.46 / NRRL 194 / M139)	Fungi	366	18	benchmarking	
Q7M418	Oligobrachia mashikoi	Metazoa	163	16	training	4
Q7Q7R8	Anopheles gambiae	Metazoa	89	29	benchmarking	
Q7YZS9	Conus virgo	Metazoa	67	26	benchmarking	
Q8MMH3	Pimpla hypochondriaca	Metazoa	488	19	benchmarking	
Q8T0W8	Gastrophysa atrocyanea	Metazoa	65	24	benchmarking	
Q8T0Y7	Aplysia californica	Metazoa	141	26	benchmarking	
Q8W257	Ptilota filicina	Other	500	21	training	3
Q945U0	Phytophthora sojae	Other	257	28	training	5
Q95P08	Scutigera coleoptrata	Metazoa	656	18	training	5
Q9TRM8	Canis lupus familiaris	Metazoa	177	25	training	5
Q9U8X3	Tachypleus tridentatus	Metazoa	67	23	benchmarking	
A0A0R4I951	Scolopendra dehaani	Metazoa	70	23	training	4
A1X159	Perna viridis	Metazoa	431	20	training	2
B0FHH8	Manduca sexta	Metazoa	151	18	training	3
B1P0S1	Pseudopleuronectes americanus	Metazoa	218	23	training	5
E9NX73	Fagopyrum tataricum	Viridiplantae	149	22	training	3
O18994	Sus scrofa	Metazoa	219	21	training	5
P00651	Aspergillus oryzae (strain ATCC 42149 / RIB 40)	Fungi	130	26	training	1
P01221	Cyprinus carpio	Metazoa	118	23	training	5
P04552	Haliotis rufescens	Metazoa	154	18	training	2
P0DQP8	Cerrophidion godmani	Metazoa	166	19	training	5
P15196	Oryctolagus cuniculus	Metazoa	398	31	benchmarking	
P18417	Catharanthus roseus	Viridiplantae	352	31	training	1
P20757	Ovis aries	Metazoa	476	24	training	5
P29007	Bombina orientalis	Metazoa	155	31	training	5
P32358	Bombyx mori	Metazoa	579	15	training	4
P42578	Lymnaea stagnalis	Metazoa	239	18	training	2
P62520	Chilobrachys guangxiensis	Metazoa	63	27	training	1
P84843	Hybomitra bimaculata	Metazoa	76	20	training	4
Q08127	Anguilla anguilla	Metazoa	147	20	benchmarking	
Q16927	Aedes aegypti	Metazoa	2169	46	training	2
Q3C258	Actinia equina	Metazoa	70	20	training	4
Q5B428	Emericella nidulans (strain FGSC A4 / ATCC 38163 / CBS 112.46 / NRRL 194 / M139)	Fungi	244	23	benchmarking	
Q75WF2	Acanthaster planci	Metazoa	358	26	benchmarking	
Q76CA2	Monoplex parthenopeus	Metazoa	275	23	benchmarking	
Q76FP5	Hypocrea rufa	Fungi	479	20	training	4
Q7SCE9	Neurospora crassa (strain ATCC 24698 / 74-OR23-1A / CBS 708.71 / DSM 1257 / FGSC 987)	Fungi	385	18	training	1
Q86SC0	Oryctes rhinoceros	Metazoa	66	26	training	1
Q8I948	Acanthoscurria gomesiana	Metazoa	156	23	benchmarking	
Q90W22	Aquarana catesbeiana	Metazoa	114	24	training	2
Q94637	Oscheius tipulae	Metazoa	1648	15	training	5
Q95NK7	Olivierus martensii	Metazoa	54	23	training	1
Q99013	Pseudopleuronectes americanus	Metazoa	82	23	training	5
Q9U8D1	Olivierus martensii	Metazoa	56	28	benchmarking	
A0A0A1I6N9	Androctonus crassicauda	Metazoa	74	22	training	2
B2NHN2	Talaromyces funiculosus	Fungi	339	20	training	1
E0XKJ9	Tabanus yao	Metazoa	349	25	training	1
L8BRS3	Morus alba	Viridiplantae	209	18	training	4
O46166	Eratigena agrestis	Metazoa	68	17	benchmarking	
P01038	Gallus gallus	Metazoa	139	23	training	4
P01068	Ananas comosus	Viridiplantae	246	19	training	2
P02809	Macaca fascicularis	Metazoa	61	19	training	2
P0DUS6	Doratifera vulnerans	Metazoa	60	24	training	3
P19594	Glycine max	Viridiplantae	158	21	training	3
P20656	Saponaria officinalis	Viridiplantae	299	24	training	1
P21828	Bombyx mori	Metazoa	262	16	training	4
P24792	Cucurbita maxima	Viridiplantae	579	30	training	1
P25033	Hyalophora cecropia	Metazoa	413	19	training	1
P26732	Bombyx mori	Metazoa	92	19	training	5
P34746	Oreochromis mossambicus	Metazoa	204	17	benchmarking	
P69241	Raphanus sativus	Viridiplantae	80	29	benchmarking	
Q05091	Pyrus communis	Viridiplantae	330	24	training	4
Q1HAY7	Holotrichia diomphalia	Metazoa	317	23	benchmarking	
Q28989	Sus scrofa	Metazoa	421	26	training	1
Q29422	Ovis aries	Metazoa	333	20	benchmarking	
Q2U4L7	Aspergillus oryzae (strain ATCC 42149 / RIB 40)	Fungi	690	20	benchmarking	
Q5EPH2	Rhipicephalus bursa	Metazoa	97	22	training	5
Q96KN2	Homo sapiens	Metazoa	507	25	benchmarking	
Q96LA5	Homo sapiens	Metazoa	508	19	benchmarking	
Q99935	Homo sapiens	Metazoa	248	21	training	4
Q99969	Homo sapiens	Metazoa	163	20	benchmarking	
Q9BWV1	Homo sapiens	Metazoa	1114	30	benchmarking	
Q9BX74	Homo sapiens	Metazoa	207	37	training	4
Q9BXJ3	Homo sapiens	Metazoa	329	16	training	3
Q9H5V8	Homo sapiens	Metazoa	836	29	benchmarking	
Q9NPR2	Homo sapiens	Metazoa	837	43	training	3
Q9NQ25	Homo sapiens	Metazoa	335	22	benchmarking	
Q9NRM6	Homo sapiens	Metazoa	502	17	training	3
Q9NS68	Homo sapiens	Metazoa	423	29	training	2
Q9NSA1	Homo sapiens	Metazoa	209	28	benchmarking	
Q9NZ53	Homo sapiens	Metazoa	605	32	training	3
Q9P0V8	Homo sapiens	Metazoa	285	22	training	2
Q9P246	Homo sapiens	Metazoa	746	14	benchmarking	
Q9P2K2	Homo sapiens	Metazoa	825	27	training	2
Q9UBN6	Homo sapiens	Metazoa	386	55	training	5
Q9UNE0	Homo sapiens	Metazoa	448	26	training	3
O00206	Homo sapiens	Metazoa	839	23	training	3
O14786	Homo sapiens	Metazoa	923	21	training	4
O43278	Homo sapiens	Metazoa	529	35	training	2
O43291	Homo sapiens	Metazoa	252	27	training	2
O60609	Homo sapiens	Metazoa	400	31	training	1
O60844	Homo sapiens	Metazoa	167	16	training	5
O75462	Homo sapiens	Metazoa	422	37	training	4
O95715	Homo sapiens	Metazoa	111	34	training	1
P00450	Homo sapiens	Metazoa	1065	19	training	3
P01137	Homo sapiens	Metazoa	390	29	training	2
P01350	Homo sapiens	Metazoa	101	21	training	1
P01591	Homo sapiens	Metazoa	159	22	training	1
P02810	Homo sapiens	Metazoa	166	16	training	3
P02814	Homo sapiens	Metazoa	79	22	training	4
P05160	Homo sapiens	Metazoa	661	20	training	1
P07204	Homo sapiens	Metazoa	575	18	training	5
P09486	Homo sapiens	Metazoa	303	17	training	2
P10124	Homo sapiens	Metazoa	158	27	training	4
P11215	Homo sapiens	Metazoa	1152	16	training	2
P11717	Homo sapiens	Metazoa	2491	40	training	5
P13611	Homo sapiens	Metazoa	3396	20	training	1
P14555	Homo sapiens	Metazoa	144	20	benchmarking	
P14625	Homo sapiens	Metazoa	803	21	training	3
P17301	Homo sapiens	Metazoa	1181	29	training	3
P17813	Homo sapiens	Metazoa	658	25	training	5
P18428	Homo sapiens	Metazoa	481	25	training	4
P19320	Homo sapiens	Metazoa	739	24	training	4
P06681	Homo sapiens	Metazoa	752	20	training	3
P06727	Homo sapiens	Metazoa	396	20	training	5
P08236	Homo sapiens	Metazoa	651	22	training	1
P08603	Homo sapiens	Metazoa	1231	18	training	3
P09341	Homo sapiens	Metazoa	107	34	training	3
P09619	Homo sapiens	Metazoa	1106	32	training	5
P13598	Homo sapiens	Metazoa	275	24	training	1
P13612	Homo sapiens	Metazoa	1032	33	training	1
P13725	Homo sapiens	Metazoa	252	25	benchmarking	
P13727	Homo sapiens	Metazoa	222	16	training	4
P15516	Homo sapiens	Metazoa	51	19	benchmarking	
P17948	Homo sapiens	Metazoa	1338	26	training	1
P22301	Homo sapiens	Metazoa	178	18	benchmarking	
P22362	Homo sapiens	Metazoa	96	23	training	5
P23142	Homo sapiens	Metazoa	703	29	training	3
P23515	Homo sapiens	Metazoa	440	24	training	1
P25942	Homo sapiens	Metazoa	277	20	training	3
P27797	Homo sapiens	Metazoa	417	17	training	2
P29460	Homo sapiens	Metazoa	328	22	training	3
P40967	Homo sapiens	Metazoa	661	24	training	3
P80370	Homo sapiens	Metazoa	383	23	training	4
Q13478	Homo sapiens	Metazoa	541	18	benchmarking	
Q15465	Homo sapiens	Metazoa	462	23	training	3
Q15762	Homo sapiens	Metazoa	336	18	training	2
Q6UX39	Homo sapiens	Metazoa	209	16	training	5
Q6UX46	Homo sapiens	Metazoa	152	24	training	3
Q6UXH1	Homo sapiens	Metazoa	353	24	training	5
Q6UXL0	Homo sapiens	Metazoa	311	29	training	4
Q7Z5A7	Homo sapiens	Metazoa	132	43	training	5
Q86T13	Homo sapiens	Metazoa	490	21	training	5
Q86Y78	Homo sapiens	Metazoa	171	22	training	2
Q86YT9	Homo sapiens	Metazoa	394	19	training	5
Q8N4F0	Homo sapiens	Metazoa	458	20	training	2
Q8N6C8	Homo sapiens	Metazoa	439	23	training	1
Q8NBJ9	Homo sapiens	Metazoa	832	18	training	1
Q8NBL1	Homo sapiens	Metazoa	392	23	training	1
Q8NBM8	Homo sapiens	Metazoa	494	22	training	2
Q8NI17	Homo sapiens	Metazoa	732	19	benchmarking	
Q96HF1	Homo sapiens	Metazoa	295	24	training	1
Q96S96	Homo sapiens	Metazoa	227	22	training	1
Q9BZM5	Homo sapiens	Metazoa	246	25	training	1
Q9H9K5	Homo sapiens	Metazoa	563	26	training	2
Q9NPF0	Homo sapiens	Metazoa	282	35	training	1
Q9NPG1	Homo sapiens	Metazoa	666	22	training	2
Q9NR16	Homo sapiens	Metazoa	1453	40	training	5
Q9NYY1	Homo sapiens	Metazoa	176	24	training	1
Q9UKY0	Homo sapiens	Metazoa	176	25	training	3
Q9Y240	Homo sapiens	Metazoa	323	21	training	1
Q9Y5U5	Homo sapiens	Metazoa	241	25	training	4
O14791	Homo sapiens	Metazoa	398	27	training	5
O76076	Homo sapiens	Metazoa	250	23	training	4
O95633	Homo sapiens	Metazoa	263	26	training	1
P01033	Homo sapiens	Metazoa	207	23	benchmarking	
P01148	Homo sapiens	Metazoa	92	23	training	3
O35701	Mus musculus	Metazoa	481	27	training	1
O54861	Rattus norvegicus	Metazoa	825	31	training	4
O88188	Mus musculus	Metazoa	162	19	training	5
P00687	Mus musculus	Metazoa	511	15	training	3
P07141	Mus musculus	Metazoa	552	32	training	2
P08796	Dictyostelium discoideum	Other	514	19	training	2
P09470	Mus musculus	Metazoa	1312	34	benchmarking	
P10040	Drosophila melanogaster	Metazoa	2146	83	training	2
P14925	Rattus norvegicus	Metazoa	976	25	training	1
P16235	Rattus norvegicus	Metazoa	700	26	benchmarking	
P18761	Mus musculus	Metazoa	317	17	training	3
P19324	Mus musculus	Metazoa	417	17	training	2
P20068	Rattus norvegicus	Metazoa	169	22	training	1
P21570	Mus musculus	Metazoa	145	24	benchmarking	
P28319	Saccharomyces cerevisiae (strain ATCC 204508 / S288c)	Fungi	239	20	training	3
P28825	Mus musculus	Metazoa	747	20	training	4
P32802	Saccharomyces cerevisiae (strain ATCC 204508 / S288c)	Fungi	667	22	benchmarking	
P33767	Saccharomyces cerevisiae (strain ATCC 204508 / S288c)	Fungi	430	20	training	5
P34115	Dictyostelium discoideum	Other	730	20	training	3
P35053	Rattus norvegicus	Metazoa	558	23	training	3
P56722	Bos taurus	Metazoa	979	34	training	4
Q02596	Mus musculus	Metazoa	151	19	training	2
Q05895	Mus musculus	Metazoa	956	21	training	4
Q5XM24	Dictyostelium discoideum	Other	494	18	training	3
Q62813	Rattus norvegicus	Metazoa	338	28	training	4
Q62867	Rattus norvegicus	Metazoa	317	24	training	2
Q868Z9	Drosophila melanogaster	Metazoa	2898	26	benchmarking	
Q8WMP9	Bos taurus	Metazoa	407	29	benchmarking	
Q924B5	Rattus norvegicus	Metazoa	250	25	training	2
Q99ML8	Mus musculus	Metazoa	113	23	benchmarking	
Q9QYH7	Rattus norvegicus	Metazoa	117	23	training	1
Q9Z1K9	Rattus norvegicus	Metazoa	827	17	training	4
A5HAK0	Danio rerio	Metazoa	149	22	training	2
O55232	Rattus norvegicus	Metazoa	130	32	training	3
P01830	Rattus norvegicus	Metazoa	161	19	training	4
P01888	Bos taurus	Metazoa	118	20	training	5
P04639	Rattus norvegicus	Metazoa	259	18	training	3
P11438	Mus musculus	Metazoa	406	24	training	5
P11654	Rattus norvegicus	Metazoa	1886	25	training	4
P11911	Mus musculus	Metazoa	220	28	training	2
P15247	Mus musculus	Metazoa	144	18	training	2
P15261	Mus musculus	Metazoa	477	25	training	4
P22388	Rattus norvegicus	Metazoa	202	25	training	3
P24807	Mus musculus	Metazoa	76	26	benchmarking	
P27773	Mus musculus	Metazoa	505	24	training	4
P28088	Bos taurus	Metazoa	441	26	training	5
P31836	Bos taurus	Metazoa	853	19	training	5
P33487	Arabidopsis thaliana	Viridiplantae	198	33	training	1
P49259	Bos taurus	Metazoa	1463	20	benchmarking	
P55203	Bos taurus	Metazoa	1110	56	training	3
P61312	Rattus norvegicus	Metazoa	146	25	training	5
P81160	Drosophila melanogaster	Metazoa	54	21	training	3
P83869	Drosophila melanogaster	Metazoa	46	22	training	1
P97710	Rattus norvegicus	Metazoa	509	31	training	4
Q00657	Rattus norvegicus	Metazoa	2326	29	benchmarking	
Q02795	Saccharomyces cerevisiae (strain ATCC 204508 / S288c)	Fungi	286	19	training	4
Q09098	Mus musculus	Metazoa	99	23	training	5
Q23997	Drosophila melanogaster	Metazoa	452	18	training	1
Q4V4I9	Drosophila melanogaster	Metazoa	182	22	benchmarking	
P07712	Aplysia californica	Metazoa	112	23	training	1
P0DL40	Vespa magnifica	Metazoa	67	21	training	1
P0DPU8	Scolopendra dehaani	Metazoa	105	24	training	5
P0DQB8	Scolopendra dehaani	Metazoa	73	20	training	2
P0DSJ6	Myrmecia gulosa	Metazoa	62	24	training	5
P10675	Schistocerca americana	Metazoa	662	24	training	1
P13691	Hordeum vulgare	Viridiplantae	152	30	benchmarking	
P19667	Molineria latifolia	Viridiplantae	158	22	training	3
P20462	Notamacropus eugenii	Metazoa	176	18	training	2
P24052	Gallus gallus	Metazoa	142	21	training	5
P27275	Amaranthus caudatus	Viridiplantae	86	25	training	2
P43077	Candida albicans	Fungi	562	22	training	1
P80961	Myoxocephalus octodecemspinosus	Metazoa	128	20	training	4
P81999	Canis lupus familiaris	Metazoa	358	22	training	5
P82143	Gloydius brevicaudus siniticus	Metazoa	200	19	training	4
P83234	Ophiophagus hannah	Metazoa	190	20	benchmarking	
P86929	Metaphire guillelmi	Metazoa	73	14	training	5
Q00945	Lymnaea stagnalis	Metazoa	155	26	training	3
Q02126	Hordeum vulgare	Viridiplantae	330	25	training	2
Q06KA2	Phlebotomus duboscqi	Metazoa	249	19	training	2
Q08738	Bombyx mori	Metazoa	239	16	training	1
Q09117	Populus deltoides	Viridiplantae	312	24	training	2
Q24824	Entamoeba histolytica (strain ATCC 30459 / HM-1:IMSS / ABRM)	Other	96	19	training	5
Q25589	Faxonius limosus	Metazoa	135	26	training	4
Q4WZ11	Aspergillus fumigatus (strain ATCC MYA-4609 / CBS 101355 / FGSC A1100 / Af293)	Fungi	87	19	training	3
Q7ZZN8	Naja atra	Metazoa	238	19	training	2
Q8JFQ0	Bombina maxima	Metazoa	96	19	training	5
Q8MI35	Sus scrofa	Metazoa	152	32	training	4
Q8MVA6	Ixodes scapularis	Metazoa	69	23	training	1
Q8T4J9	Manduca sexta	Metazoa	180	15	training	3
Q8WQK0	Cotesia rubecula	Metazoa	65	23	benchmarking	
Q92154	Coturnix japonica	Metazoa	620	17	benchmarking	
Q9PVW8	Silurus asotus	Metazoa	308	23	training	3
Q9SLP4	Tulipa saxatilis subsp. bakeri	Viridiplantae	314	26	training	1
A0A1S6EK92	Moringa oleifera	Viridiplantae	79	20	training	3
A1XCI9	Fusarium culmorum	Fungi	191	18	training	5
A7L035	Chironex fleckeri	Metazoa	456	20	training	5
Q969P0	Homo sapiens	Metazoa	613	27	benchmarking	
Q969Z4	Homo sapiens	Metazoa	430	25	training	2
Q96AP7	Homo sapiens	Metazoa	390	29	training	2
Q96BF3	Homo sapiens	Metazoa	282	22	training	2
P08833	Homo sapiens	Metazoa	259	25	training	2
P12273	Homo sapiens	Metazoa	146	28	training	1
P12318	Homo sapiens	Metazoa	317	33	training	2
P13385	Homo sapiens	Metazoa	188	30	training	2
P14384	Homo sapiens	Metazoa	443	17	benchmarking	
P14770	Homo sapiens	Metazoa	177	16	training	2
P15289	Homo sapiens	Metazoa	507	18	training	1
P15309	Homo sapiens	Metazoa	386	32	training	5
P20774	Homo sapiens	Metazoa	298	20	benchmarking	
F2QXM5	Komagataella phaffii (strain ATCC 76273 / CBS 7435 / CECT 11047 / NRRL Y-11430 / Wegner 21-1)	Fungi	587	19	training	3
P01364	Aplysia californica	Metazoa	108	23	training	5
P0DPZ2	Scolopendra dehaani	Metazoa	101	23	training	5
P10562	Canavalia gladiata	Viridiplantae	445	26	training	3
P14214	Tachypleus tridentatus	Metazoa	77	23	training	2
P14946	Lolium perenne	Viridiplantae	263	23	training	4
P25404	Mirabilis jalapa	Viridiplantae	63	27	benchmarking	
P26780	Sinapis alba	Viridiplantae	99	30	training	2
P31420	Manduca sexta	Metazoa	274	18	training	1
P48816	Bombyx mori	Metazoa	137	18	training	2
P49125	Latrodectus tredecimguttatus	Metazoa	88	18	training	2
P58912	Phyllodiscus semoni	Metazoa	488	21	training	4
P80915	Macadamia integrifolia	Viridiplantae	102	26	training	4
P83472	Lumbricus terrestris	Metazoa	86	22	training	5
Q02942	Blaberus discoidalis	Metazoa	726	16	training	4
Q6IV20	Gallus gallus	Metazoa	104	22	benchmarking	
Q6T6C2	Theromyzon tessulatum	Metazoa	97	22	training	4
Q7M4T0	Neurospora crassa (strain ATCC 24698 / 74-OR23-1A / CBS 708.71 / DSM 1257 / FGSC 987)	Fungi	480	17	training	3
Q867W1	Procambarus clarkii	Metazoa	76	27	training	3
Q8HYA9	Sus scrofa	Metazoa	185	20	training	3
Q8I817	Aplysia californica	Metazoa	88	19	training	2
Q90WJ9	Takifugu pardalis	Metazoa	391	20	training	5
Q9UAH3	Pinctada fucata	Metazoa	129	23	training	5
B0JFB8	Antheraea mylitta	Metazoa	105	19	training	2
E0XKJ8	Tabanus yao	Metazoa	256	16	training	4
I6S390	Scolopendra mutilans	Metazoa	76	22	training	2
O76537	Trichoplusia ni	Metazoa	182	16	training	1
P00719	Struthio camelus	Metazoa	204	19	training	5
P02896	Trypanosoma brucei brucei	Other	526	33	training	4
P03998	Limulus polyphemus	Metazoa	195	20	training	2
P0DPU3	Scolopendra dehaani	Metazoa	577	25	training	1
P0DUQ6	Conus planorbis	Metazoa	70	21	training	1
P0DUS7	Doratifera vulnerans	Metazoa	56	19	benchmarking	
P11919	Manduca sexta	Metazoa	88	26	benchmarking	
P15570	Phytophthora cryptogea	Other	118	20	benchmarking	
P18684	Protophormia terraenovae	Metazoa	101	18	benchmarking	
P20797	Antheraea polyphemus	Metazoa	163	21	training	5
P21814	Ovis aries	Metazoa	429	25	training	2
P22864	Aspergillus niger	Fungi	373	19	training	5
P26202	Oryctolagus cuniculus	Metazoa	137	20	training	2
P28770	Oncorhynchus mykiss	Metazoa	221	21	training	4
P34951	Hordeum vulgare	Viridiplantae	143	24	training	3
P35777	Solenopsis invicta	Metazoa	137	19	training	1
P35785	Vespula pensylvanica	Metazoa	227	23	benchmarking	
P55847	Penaeus japonicus	Metazoa	105	28	training	2
P68248	Gallus gallus	Metazoa	80	25	training	4
P69770	Conus marmoreus	Metazoa	94	25	training	5
P80686	Tenebrio molitor	Metazoa	211	16	training	3
P81295	Juniperus ashei	Viridiplantae	225	26	training	2
P81511	Hirudo medicinalis	Metazoa	81	15	training	3
P82103	Mytilus galloprovincialis	Metazoa	96	20	training	1
P86009	Dromaius novaehollandiae	Metazoa	238	17	training	3
P91745	Lucilia cuprina	Metazoa	375	20	training	1
Q03383	Bombyx mori	Metazoa	400	16	training	2
Q25055	Holotrichia diomphalia	Metazoa	104	20	training	3
Q25255	Lucilia cuprina	Metazoa	356	23	training	5
Q27270	Tenebrio molitor	Metazoa	96	18	training	2
Q39688	Daucus carota	Viridiplantae	389	24	benchmarking	
Q42656	Coffea arabica	Viridiplantae	378	15	benchmarking	
Q43413	Capsicum annuum	Viridiplantae	75	27	training	1
Q56S59	Nicotiana tabacum	Viridiplantae	150	23	training	4
Q5D710	Scylla serrata	Metazoa	126	24	benchmarking	
Q5G8A6	Tityus costatus	Metazoa	87	19	training	4
Q64HC7	Armadillidium vulgare	Metazoa	73	19	training	1
Q6F4C6	Pinctada fucata	Metazoa	121	16	training	5
Q6T6C1	Theromyzon tessulatum	Metazoa	107	21	training	4
Q86R84	Dermatophagoides farinae	Metazoa	462	25	training	5
Q9NBW4	Theromyzon tessulatum	Metazoa	101	19	training	2
Q9ZT66	Zea mays	Viridiplantae	303	43	benchmarking	
A0A1W6EVM7	Ampulex compressa	Metazoa	50	26	benchmarking	
C0HLA0	Chamaecyparis obtusa	Viridiplantae	556	28	benchmarking	
K9N4Q4	Phlebotomus papatasi	Metazoa	246	23	training	2
P02230	Chironomus thummi thummi	Metazoa	151	15	benchmarking	
P07439	Megabalanus rosa	Metazoa	162	24	benchmarking	
P07457	Zoarces americanus	Metazoa	87	22	training	5
P0C1X6	Tityus discrepans	Metazoa	62	26	training	1
P0DQE1	Scolopendra dehaani	Metazoa	109	23	training	2
P0DUS5	Doratifera vulnerans	Metazoa	57	24	training	3
P0DUT0	Doratifera vulnerans	Metazoa	46	19	training	3
P23438	Canis lupus familiaris	Metazoa	183	17	training	4
P31608	Sagittaria sagittifolia	Viridiplantae	181	24	training	3
P33577	Petromyzon marinus	Metazoa	119	19	training	1
P39037	Sus scrofa	Metazoa	232	15	training	3
P42256	Aspergillus niger	Fungi	321	19	benchmarking	
P48842	Aspergillus aculeatus	Fungi	350	16	training	2
P67788	Manduca sexta	Metazoa	65	19	training	4
P80392	Meleagris gallopavo	Metazoa	64	28	training	4
P81492	Hirudinaria manillensis	Metazoa	84	20	training	5
P82187	Equus caballus	Metazoa	185	20	training	3
P82900	Triticum aestivum	Viridiplantae	96	29	training	2
Q00802	Bombyx mori	Metazoa	256	17	benchmarking	
P52706	Prunus serotina	Viridiplantae	563	27	training	5
P81058	Penaeus vannamei	Metazoa	82	19	training	3
Q27309	Bombyx mori	Metazoa	1782	15	training	5
Q3L1D1	Agaricus bisporus	Fungi	594	25	training	5
Q4WL81	Aspergillus fumigatus (strain ATCC MYA-4609 / CBS 101355 / FGSC A1100 / Af293)	Fungi	234	20	training	4
Q59XX2	Candida albicans (strain SC5314 / ATCC MYA-2876)	Fungi	378	32	training	3
Q76CE8	Typhula ishikariensis	Fungi	243	20	benchmarking	
Q76IQ4	Oncorhynchus mykiss	Metazoa	111	26	training	4
Q8ISL8	Apis mellifera	Metazoa	78	24	training	5
Q8J0K5	Talaromyces funiculosus	Fungi	282	39	benchmarking	
Q8MP06	Tyria jacobaeae	Metazoa	456	22	training	5
Q8WP90	Solenopsis invicta	Metazoa	153	19	training	1
Q8WPJ2	Mytilus edulis	Metazoa	367	17	training	5
Q95P90	Olivierus martensii	Metazoa	94	22	training	2
Q9XSW3	Sus scrofa	Metazoa	240	18	training	1
Q9XYT4	Cryptorchestia cavimana	Metazoa	128	20	training	2
A0A5C2A2T2	Conus purpurascens	Metazoa	178	24	benchmarking	
C9K4X8	Patiria pectinifera	Metazoa	116	29	training	3
F1RRV3	Sus scrofa	Metazoa	2692	19	training	2
I3LGZ3	Sus scrofa	Metazoa	81	24	training	3
O18330	Apis mellifera	Metazoa	432	19	benchmarking	
O80323	Pyrus pyrifolia	Viridiplantae	222	22	benchmarking	
O96935	Plasmodium falciparum (isolate 3D7)	Other	1085	30	training	4
P02701	Gallus gallus	Metazoa	152	24	training	5
P09230	Yarrowia lipolytica (strain CLIB 122 / E 150)	Fungi	454	15	training	5
P15226	Tityus serrulatus	Metazoa	84	20	training	3
P19069	Cavia porcellus	Metazoa	1742	19	benchmarking	
P30438	Felis catus	Metazoa	92	22	training	4
P56201	Oryctolagus cuniculus	Metazoa	797	24	training	1
P81054	Grifola frondosa	Fungi	348	18	training	3
P81383	Ophiophagus hannah	Metazoa	491	20	benchmarking	
Q1XG90	Crassostrea virginica	Metazoa	135	18	training	3
Q26994	Toxoplasma gondii	Other	179	17	training	1
Q27082	Tachypleus tridentatus	Metazoa	673	19	training	3
Q2ULM2	Aspergillus oryzae (strain ATCC 42149 / RIB 40)	Fungi	496	16	training	3
Q4W1I9	Zinnia elegans	Viridiplantae	321	30	training	1
Q6DWK3	Colletotrichum lindemuthianum	Fungi	248	26	benchmarking	
Q86QT3	Centruroides noxius	Metazoa	62	20	training	5
Q9YH85	Gallus gallus	Metazoa	2120	24	benchmarking	
Q9ZT64	Pinus contorta	Viridiplantae	513	23	training	1
A0A1L6K371	Juglans nigra	Viridiplantae	510	23	benchmarking	
A0A482A9N4	Talaromyces verruculosus	Fungi	328	21	training	1
B0XT72	Aspergillus fumigatus (strain CBS 144.89 / FGSC A1163 / CEA10)	Fungi	452	19	benchmarking	
E0D877	Aedes albopictus	Metazoa	564	25	benchmarking	
I1SB12	Microdochium nivale	Fungi	495	22	training	4
O61668	Olivierus martensii	Metazoa	88	18	training	5
P01500	Apis mellifera	Metazoa	46	27	benchmarking	
P08091	Schizosaccharomyces pombe (strain 972 / ATCC 24843)	Fungi	453	18	benchmarking	
P0DKU2	Pandinus imperator	Metazoa	145	15	training	1
P17715	Octodon degus	Metazoa	109	24	training	2
P25291	Canis lupus familiaris	Metazoa	509	21	training	5
P29022	Zea mays	Viridiplantae	280	25	training	5
P29794	Canis lupus familiaris	Metazoa	180	20	training	3
P31723	Penicillium citrinum	Fungi	511	35	training	4
P67861	Daboia russelii	Metazoa	144	24	training	4
P78581	Aspergillus oryzae (strain ATCC 42149 / RIB 40)	Fungi	588	18	training	5
P79073	Trichoderma reesei	Fungi	86	15	training	5
P79263	Sus scrofa	Metazoa	921	27	training	3
Q27908	Pinctada fucata	Metazoa	447	17	benchmarking	
Q29486	Felis catus	Metazoa	524	17	training	1
Q55U20	Cryptococcus deneoformans (strain B-3501A)	Fungi	458	51	training	3
Q7SZI7	Xenopus laevis	Metazoa	1219	22	training	4
Q805F3	Xenopus laevis	Metazoa	397	16	training	5
Q8L5J1	Solanum lycopersicum	Viridiplantae	399	26	training	3
Q8WZI8	Aspergillus niger	Fungi	521	17	training	5
Q95JC9	Sus scrofa	Metazoa	676	16	training	2
Q9GQV7	Aedes aegypti	Metazoa	128	22	training	2
Q9U572	Penaeus monodon	Metazoa	1670	14	training	2
Q16568	Homo sapiens	Metazoa	116	27	training	4
Q16627	Homo sapiens	Metazoa	93	19	training	1
Q5ZPR3	Homo sapiens	Metazoa	534	28	training	4
Q6UW88	Homo sapiens	Metazoa	154	22	training	4
Q6UX27	Homo sapiens	Metazoa	236	16	training	5
Q6UXD5	Homo sapiens	Metazoa	910	27	training	1
Q6WN34	Homo sapiens	Metazoa	429	25	training	4
Q86WA6	Homo sapiens	Metazoa	291	37	training	1
Q86YD3	Homo sapiens	Metazoa	366	26	training	4
Q86YL7	Homo sapiens	Metazoa	162	22	training	5
Q8N126	Homo sapiens	Metazoa	398	24	training	1
Q92563	Homo sapiens	Metazoa	424	22	training	1
Q969N2	Homo sapiens	Metazoa	578	21	training	4
Q96FE7	Homo sapiens	Metazoa	263	21	training	4
Q9BQ51	Homo sapiens	Metazoa	273	19	training	5
Q9GZX6	Homo sapiens	Metazoa	179	33	training	4
Q9H293	Homo sapiens	Metazoa	177	32	training	1
Q9UBP4	Homo sapiens	Metazoa	350	21	training	3
Q9UK23	Homo sapiens	Metazoa	515	25	training	3
Q9Y2I2	Homo sapiens	Metazoa	539	28	training	3
Q9Y5Q6	Homo sapiens	Metazoa	135	22	training	2
Q9Y6C2	Homo sapiens	Metazoa	1016	21	training	1
O14625	Homo sapiens	Metazoa	94	21	training	3
O14773	Homo sapiens	Metazoa	563	19	training	2
O15455	Homo sapiens	Metazoa	904	23	benchmarking	
O60602	Homo sapiens	Metazoa	858	20	training	5
O60931	Homo sapiens	Metazoa	367	22	benchmarking	
P01903	Homo sapiens	Metazoa	254	25	training	4
P02462	Homo sapiens	Metazoa	1669	27	training	2
P03971	Homo sapiens	Metazoa	560	24	training	5
P05067	Homo sapiens	Metazoa	770	17	training	4
P05164	Homo sapiens	Metazoa	745	48	training	5
Q8WWA0	Homo sapiens	Metazoa	313	18	benchmarking	
Q969J5	Homo sapiens	Metazoa	263	21	training	4
Q96DR8	Homo sapiens	Metazoa	90	20	training	1
Q96DU3	Homo sapiens	Metazoa	332	21	benchmarking	
Q99944	Homo sapiens	Metazoa	293	25	benchmarking	
Q9BZW8	Homo sapiens	Metazoa	370	21	training	5
Q9GZZ8	Homo sapiens	Metazoa	138	19	benchmarking	
Q9H1M4	Homo sapiens	Metazoa	99	20	training	4
Q9H7M9	Homo sapiens	Metazoa	311	32	training	4
Q9NR61	Homo sapiens	Metazoa	685	26	training	3
Q9NZV1	Homo sapiens	Metazoa	1036	34	training	1
Q9UBT3	Homo sapiens	Metazoa	224	18	training	4
Q9Y2E5	Homo sapiens	Metazoa	1009	23	training	1
Q9Y4X3	Homo sapiens	Metazoa	112	24	training	3
O43852	Homo sapiens	Metazoa	315	19	benchmarking	
O95813	Homo sapiens	Metazoa	267	17	training	1
O95866	Homo sapiens	Metazoa	241	17	training	3
P00533	Homo sapiens	Metazoa	1210	24	benchmarking	
P01189	Homo sapiens	Metazoa	267	26	training	5
P01833	Homo sapiens	Metazoa	764	18	training	4
P02652	Homo sapiens	Metazoa	100	18	training	2
P02790	Homo sapiens	Metazoa	462	23	training	4
P04217	Homo sapiens	Metazoa	495	21	training	3
P05090	Homo sapiens	Metazoa	189	20	training	5
P20333	Homo sapiens	Metazoa	461	22	training	3
P22894	Homo sapiens	Metazoa	467	20	training	5
P25116	Homo sapiens	Metazoa	425	21	training	4
P25311	Homo sapiens	Metazoa	298	20	training	2
P32004	Homo sapiens	Metazoa	1257	19	benchmarking	
P34998	Homo sapiens	Metazoa	415	23	training	1
P35613	Homo sapiens	Metazoa	385	21	training	2
P51688	Homo sapiens	Metazoa	502	20	benchmarking	
P52823	Homo sapiens	Metazoa	247	17	training	4
P55083	Homo sapiens	Metazoa	255	21	training	5
P55899	Homo sapiens	Metazoa	365	23	benchmarking	
P81605	Homo sapiens	Metazoa	110	19	training	5
Q08380	Homo sapiens	Metazoa	585	18	benchmarking	
Q13145	Homo sapiens	Metazoa	260	20	benchmarking	
Q13231	Homo sapiens	Metazoa	466	21	training	3
Q13445	Homo sapiens	Metazoa	227	23	benchmarking	
Q13651	Homo sapiens	Metazoa	578	21	training	3
Q14210	Homo sapiens	Metazoa	128	20	training	5
Q15768	Homo sapiens	Metazoa	340	27	training	3
Q16552	Homo sapiens	Metazoa	155	23	training	2
Q6E0U4	Homo sapiens	Metazoa	476	21	training	2
Q6UXB2	Homo sapiens	Metazoa	119	21	training	4
Q8N441	Homo sapiens	Metazoa	504	24	training	3
Q8N766	Homo sapiens	Metazoa	993	22	training	5
Q8TC27	Homo sapiens	Metazoa	787	16	benchmarking	
Q8TCT8	Homo sapiens	Metazoa	520	25	training	3
Q92643	Homo sapiens	Metazoa	395	27	training	4
Q969H8	Homo sapiens	Metazoa	173	31	training	2
Q96BY9	Homo sapiens	Metazoa	339	30	benchmarking	
Q96F46	Homo sapiens	Metazoa	866	32	training	5
Q96HE7	Homo sapiens	Metazoa	468	23	training	1
Q99519	Homo sapiens	Metazoa	415	47	training	2
Q9BX59	Homo sapiens	Metazoa	468	18	training	3
Q9BXJ7	Homo sapiens	Metazoa	453	19	training	5
Q9BZR6	Homo sapiens	Metazoa	473	26	benchmarking	
Q9H6E4	Homo sapiens	Metazoa	229	22	training	2
Q9HBE5	Homo sapiens	Metazoa	538	19	training	1
Q9NPA0	Homo sapiens	Metazoa	242	23	training	4
Q9NQ34	Homo sapiens	Metazoa	198	33	training	4
Q9UHF4	Homo sapiens	Metazoa	553	29	training	3
Q9UIK5	Homo sapiens	Metazoa	374	40	training	1
Q9UKZ9	Homo sapiens	Metazoa	415	23	training	1
Q9Y251	Homo sapiens	Metazoa	543	35	training	2
Q9Y279	Homo sapiens	Metazoa	399	19	training	3
D4A540	Rattus norvegicus	Metazoa	148	31	training	4
F1N5C8	Bos taurus	Metazoa	445	22	training	5
P00760	Bos taurus	Metazoa	246	17	training	1
P01131	Bos taurus	Metazoa	845	21	benchmarking	
P02702	Bos taurus	Metazoa	241	19	training	2
P0CX77	Saccharomyces cerevisiae (strain ATCC 204508 / S288c)	Fungi	362	25	training	4
P10493	Mus musculus	Metazoa	1245	28	training	1
P10820	Mus musculus	Metazoa	554	20	training	5
P12024	Drosophila melanogaster	Metazoa	1315	29	training	2
P14630	Rattus norvegicus	Metazoa	190	17	training	1
Q8T9R8	Stomoxys calcitrans	Metazoa	67	24	training	4
Q95NJ8	Olivierus martensii	Metazoa	55	23	training	3
Q9MYV1	Canis lupus familiaris	Metazoa	128	25	training	5
O95157	Homo sapiens	Metazoa	252	22	training	4
Q6UWI4	Homo sapiens	Metazoa	295	33	training	5
Q6UWJ8	Homo sapiens	Metazoa	174	29	training	3
Q6UWY5	Homo sapiens	Metazoa	402	28	training	1
Q6XE38	Homo sapiens	Metazoa	83	21	training	2
Q6UW10	Homo sapiens	Metazoa	78	19	benchmarking	
Q9NRC9	Homo sapiens	Metazoa	128	17	training	3
Q6UX52	Homo sapiens	Metazoa	265	20	training	4
Q7Z5L0	Homo sapiens	Metazoa	202	24	benchmarking	
Q9NRR1	Homo sapiens	Metazoa	136	22	training	3
P01174	Rattus norvegicus	Metazoa	137	19	training	3
Q8MJV4	Bos taurus	Metazoa	122	24	training	3
Q9Z0M9	Mus musculus	Metazoa	193	28	training	4
A9UGV5	Oryza sativa subsp. japonica	Viridiplantae	68	30	training	1
Q27967	Bos taurus	Metazoa	203	23	training	1
O62644	Bos taurus	Metazoa	151	18	training	2
Q6ASY2	Oryza sativa subsp. japonica	Viridiplantae	178	26	training	1
P00996	Bos taurus	Metazoa	79	23	training	3
P29421	Oryza sativa subsp. japonica	Viridiplantae	200	22	training	5
