accession	organism	kingdom	length	has_tm_in_90
O54693	Mus musculus	Metazoa	391	True
Q9P6M0	Schizosaccharomyces pombe (strain 972 / ATCC 24843)	Fungi	419	False
Q12080	Saccharomyces cerevisiae (strain ATCC 204508 / S288c)	Fungi	455	False
P48526	Saccharomyces cerevisiae (strain ATCC 204508 / S288c)	Fungi	1002	False
Q03214	Saccharomyces cerevisiae (strain ATCC 204508 / S288c)	Fungi	1411	False
P31356	Todarodes pacificus	Metazoa	448	True
Q06631	Saccharomyces cerevisiae (strain ATCC 204508 / S288c)	Fungi	534	False
O75971	Homo sapiens	Metazoa	98	False
Q9N589	Caenorhabditis elegans	Metazoa	588	False
O81852	Arabidopsis thaliana	Viridiplantae	916	False
Q8LPS2	Arabidopsis thaliana	Viridiplantae	670	False
Q9QWH1	Mus musculus	Metazoa	850	False
Q8IWY9	Homo sapiens	Metazoa	1227	False
Q8TBK2	Homo sapiens	Metazoa	473	False
Q8N0S6	Homo sapiens	Metazoa	344	False
Q7SG49	Neurospora crassa (strain ATCC 24698 / 74-OR23-1A / CBS 708.71 / DSM 1257 / FGSC 987)	Fungi	414	False
Q8IE47	Plasmodium falciparum (isolate 3D7)	Other	273	False
P47043	Saccharomyces cerevisiae (strain ATCC 204508 / S288c)	Fungi	880	False
Q6PRD7	Homo sapiens	Metazoa	247	False
P41977	Caenorhabditis elegans	Metazoa	218	False
Q5H8A6	Lotus japonicus	Viridiplantae	853	False
O60057	Schizosaccharomyces pombe (strain 972 / ATCC 24843)	Fungi	411	False
P05030	Saccharomyces cerevisiae (strain ATCC 204508 / S288c)	Fungi	918	False
F4KH86	Arabidopsis thaliana	Viridiplantae	400	False
P11930	Mus musculus	Metazoa	357	False
Q12368	Saccharomyces cerevisiae (strain ATCC 204508 / S288c)	Fungi	194	False
Q9FWA3	Arabidopsis thaliana	Viridiplantae	486	False
Q12734	Saccharomyces cerevisiae (strain ATCC 204508 / S288c)	Fungi	1121	False
Q9VNB5	Drosophila melanogaster	Metazoa	486	True
P0C7R1	Arabidopsis thaliana	Viridiplantae	239	False
O14329	Schizosaccharomyces pombe (strain 972 / ATCC 24843)	Fungi	386	False
O15047	Homo sapiens	Metazoa	1707	False
Q96KM6	Homo sapiens	Metazoa	892	False
Q8K4Z2	Mus musculus	Metazoa	240	False
O75531	Homo sapiens	Metazoa	89	False
P50535	Drosophila melanogaster	Metazoa	1039	False
Q3E7B2	Saccharomyces cerevisiae (strain ATCC 204508 / S288c)	Fungi	85	True
F4KAV2	Arabidopsis thaliana	Viridiplantae	442	False
Q9UJX3	Homo sapiens	Metazoa	565	False
Q99836	Homo sapiens	Metazoa	296	False
F4KBW6	Arabidopsis thaliana	Viridiplantae	1838	False
Q6PG16	Mus musculus	Metazoa	667	False
C4R5T1	Komagataella phaffii (strain GS115 / ATCC 20864)	Fungi	384	False
Q8NFU0	Homo sapiens	Metazoa	473	True
Q86WB0	Homo sapiens	Metazoa	502	False
O20030	Chlamydomonas reinhardtii	Viridiplantae	197	True
P53840	Saccharomyces cerevisiae (strain ATCC 204508 / S288c)	Fungi	1238	False
Q9VKJ9	Drosophila melanogaster	Metazoa	816	False
A0A0P0WQ90	Oryza sativa subsp. japonica	Viridiplantae	416	False
B6HLT9	Penicillium rubens (strain ATCC 28089 / DSM 1075 / NRRL 1951 / Wisconsin 54-1255)	Fungi	357	False
O14161	Schizosaccharomyces pombe (strain 972 / ATCC 24843)	Fungi	293	False
Q7Z698	Homo sapiens	Metazoa	418	False
Q16775	Homo sapiens	Metazoa	308	False
Q02410	Homo sapiens	Metazoa	837	False
O74944	Schizosaccharomyces pombe (strain 972 / ATCC 24843)	Fungi	547	False
Q8I1X7	Plasmodium falciparum (isolate 3D7)	Other	579	False
Q9S7W5	Arabidopsis thaliana	Viridiplantae	355	False
Q14973	Homo sapiens	Metazoa	349	True
Q9MBA2	Arabidopsis thaliana	Viridiplantae	326	False
Q9NR90	Homo sapiens	Metazoa	486	False
P78955	Schizosaccharomyces pombe (strain 972 / ATCC 24843)	Fungi	287	False
A0A075TXZ8	Penicillium expansum	Fungi	799	False
Q9C103	Schizosaccharomyces pombe (strain 972 / ATCC 24843)	Fungi	735	False
Q9Y2Z9	Homo sapiens	Metazoa	468	False
O23166	Arabidopsis thaliana	Viridiplantae	261	False
P62993	Homo sapiens	Metazoa	217	False
O13702	Schizosaccharomyces pombe (strain 972 / ATCC 24843)	Fungi	450	False
Q75WU1	Oryza sativa subsp. japonica	Viridiplantae	93	False
Q96DB2	Homo sapiens	Metazoa	347	False
Q0JHU5	Oryza sativa subsp. japonica	Viridiplantae	159	False
Q99LC3	Mus musculus	Metazoa	355	False
Q9HBM0	Homo sapiens	Metazoa	779	False
Q9Y113	Drosophila melanogaster	Metazoa	594	False
Q8WYK0	Homo sapiens	Metazoa	555	False
Q12046	Saccharomyces cerevisiae (strain ATCC 204508 / S288c)	Fungi	339	False
Q9FJW4	Arabidopsis thaliana	Viridiplantae	154	False
Q9UU96	Schizosaccharomyces pombe (strain 972 / ATCC 24843)	Fungi	736	False
Q6R327	Homo sapiens	Metazoa	1708	False
Q9LVH4	Arabidopsis thaliana	Viridiplantae	177	False
D3ZAW2	Rattus norvegicus	Metazoa	406	True
Q9GZN7	Homo sapiens	Metazoa	287	False
P19426	Mus musculus	Metazoa	375	False
Q12150	Saccharomyces cerevisiae (strain ATCC 204508 / S288c)	Fungi	2958	True
Q6DBN4	Arabidopsis thaliana	Viridiplantae	253	True
Q96LW4	Homo sapiens	Metazoa	560	False
Q5M755	Arabidopsis thaliana	Viridiplantae	273	False
Q9ESJ7	Mus musculus	Metazoa	259	False
P32897	Saccharomyces cerevisiae (strain ATCC 204508 / S288c)	Fungi	222	True
P32388	Saccharomyces cerevisiae (strain ATCC 204508 / S288c)	Fungi	137	False
Q96P70	Homo sapiens	Metazoa	1041	False
P32335	Saccharomyces cerevisiae (strain ATCC 204508 / S288c)	Fungi	436	False
Q9QYL0	Mus musculus	Metazoa	170	False
Q8TDM6	Homo sapiens	Metazoa	1919	False
P97452	Mus musculus	Metazoa	732	False
Q9EPB5	Mus musculus	Metazoa	311	False
Q96JJ3	Homo sapiens	Metazoa	720	False
Q12178	Saccharomyces cerevisiae (strain ATCC 204508 / S288c)	Fungi	158	False
Q68DK7	Homo sapiens	Metazoa	614	False
Q6NVU6	Homo sapiens	Metazoa	218	False
Q09146	Schizosaccharomyces pombe (strain 972 / ATCC 24843)	Fungi	399	False
F4JVI3	Arabidopsis thaliana	Viridiplantae	493	False
O02219	Caenorhabditis elegans	Metazoa	453	False
Q3UZP0	Mus musculus	Metazoa	555	False
O60829	Homo sapiens	Metazoa	102	False
P40326	Saccharomyces cerevisiae (strain ATCC 204508 / S288c)	Fungi	108	False
Q93YU8	Arabidopsis thaliana	Viridiplantae	796	False
Q12349	Saccharomyces cerevisiae (strain ATCC 204508 / S288c)	Fungi	124	False
Q9NQS5	Homo sapiens	Metazoa	396	True
O13900	Schizosaccharomyces pombe (strain 972 / ATCC 24843)	Fungi	481	False
F4KHG6	Arabidopsis thaliana	Viridiplantae	489	False
Q04430	Saccharomyces cerevisiae (strain ATCC 204508 / S288c)	Fungi	367	False
P40566	Saccharomyces cerevisiae (strain ATCC 204508 / S288c)	Fungi	764	False
Q93654	Caenorhabditis elegans	Metazoa	245	False
P43122	Saccharomyces cerevisiae (strain ATCC 204508 / S288c)	Fungi	407	False
P81450	Saccharomyces cerevisiae (strain ATCC 204508 / S288c)	Fungi	59	True
P69851	Saccharomyces cerevisiae (strain ATCC 204508 / S288c)	Fungi	72	False
P38771	Saccharomyces cerevisiae (strain ATCC 204508 / S288c)	Fungi	230	False
Q6C354	Yarrowia lipolytica (strain CLIB 122 / E 150)	Fungi	520	False
Q9Y5Z4	Homo sapiens	Metazoa	205	False
Q8CIV7	Mus musculus	Metazoa	274	False
O95466	Homo sapiens	Metazoa	1100	False
Q7L4E1	Homo sapiens	Metazoa	593	True
Q12153	Saccharomyces cerevisiae (strain ATCC 204508 / S288c)	Fungi	453	False
Q80T22	Rattus norvegicus	Metazoa	484	True
O15294	Homo sapiens	Metazoa	1046	False
Q9BWF2	Homo sapiens	Metazoa	469	False
Q12905	Homo sapiens	Metazoa	390	False
Q9C7A2	Arabidopsis thaliana	Viridiplantae	590	False
G5EGP4	Caenorhabditis elegans	Metazoa	865	False
Q9VX31	Drosophila melanogaster	Metazoa	1105	False
P24311	Homo sapiens	Metazoa	80	True
Q9USX4	Schizosaccharomyces pombe (strain 972 / ATCC 24843)	Fungi	108	False
A0A7U2QXY7	Aspergillus flavus (strain ATCC 200026 / FGSC A1120 / IAM 13836 / NRRL 3357 / JCM 12722 / SRRC 167)	Fungi	438	False
O95210	Homo sapiens	Metazoa	358	True
Q09668	Schizosaccharomyces pombe (strain 972 / ATCC 24843)	Fungi	117	False
P40038	Saccharomyces cerevisiae (strain ATCC 204508 / S288c)	Fungi	420	False
Q9H0F5	Homo sapiens	Metazoa	515	False
Q09725	Schizosaccharomyces pombe (strain 972 / ATCC 24843)	Fungi	1587	False
Q86VZ6	Homo sapiens	Metazoa	243	False
Q9M1I7	Arabidopsis thaliana	Viridiplantae	467	False
F4IUY8	Arabidopsis thaliana	Viridiplantae	1006	False
Q15125	Homo sapiens	Metazoa	230	True
Q8N2Z9	Homo sapiens	Metazoa	138	False
Q61048	Mus musculus	Metazoa	376	False
Q9UST7	Schizosaccharomyces pombe (strain 972 / ATCC 24843)	Fungi	1339	False
Q94C32	Arabidopsis thaliana	Viridiplantae	320	False
Q86V20	Homo sapiens	Metazoa	835	False
Q9UIG8	Homo sapiens	Metazoa	710	True
Q8IZS7	Homo sapiens	Metazoa	167	True
P33411	Saccharomyces cerevisiae (strain ATCC 204508 / S288c)	Fungi	251	False
O43172	Homo sapiens	Metazoa	522	False
P53076	Saccharomyces cerevisiae (strain ATCC 204508 / S288c)	Fungi	958	False
A0A5K7RLP0	Mus musculus	Metazoa	589	False
A0A125YYB5	Toxoplasma gondii (strain ATCC 50611 / Me49)	Other	509	False
O70337	Mus musculus	Metazoa	150	False
Q91VJ2	Mus musculus	Metazoa	260	False
O04211	Arabidopsis thaliana	Viridiplantae	111	False
P40481	Saccharomyces cerevisiae (strain ATCC 204508 / S288c)	Fungi	377	False
O94238	Schizosaccharomyces pombe (strain 972 / ATCC 24843)	Fungi	134	False
Q16534	Homo sapiens	Metazoa	295	False
Q7TNG8	Mus musculus	Metazoa	484	False
Q9XZS8	Drosophila melanogaster	Metazoa	613	False
O77932	Homo sapiens	Metazoa	396	False
P38803	Saccharomyces cerevisiae (strain ATCC 204508 / S288c)	Fungi	334	False
Q9SS48	Arabidopsis thaliana	Viridiplantae	629	False
H0YL14	Homo sapiens	Metazoa	139	True
Q99J47	Mus musculus	Metazoa	323	True
Q03455	Saccharomyces cerevisiae (strain ATCC 204508 / S288c)	Fungi	724	True
Q6Q547	Saccharomyces cerevisiae (strain ATCC 204508 / S288c)	Fungi	58	False
P92966	Arabidopsis thaliana	Viridiplantae	356	False
Q42564	Arabidopsis thaliana	Viridiplantae	287	False
O94268	Schizosaccharomyces pombe (strain 972 / ATCC 24843)	Fungi	608	False
Q0ZLH2	Mus musculus	Metazoa	352	False
P10795	Arabidopsis thaliana	Viridiplantae	180	False
Q03067	Saccharomyces cerevisiae (strain ATCC 204508 / S288c)	Fungi	99	False
Q24119	Drosophila melanogaster	Metazoa	1022	False
Q56NI9	Homo sapiens	Metazoa	601	False
Q9UIL8	Homo sapiens	Metazoa	331	False
Q941D3	Arabidopsis thaliana	Viridiplantae	239	False
Q6K1E7	Mus musculus	Metazoa	370	False
Q5XV40	Arabidopsis thaliana	Viridiplantae	358	True
Q03338	Saccharomyces cerevisiae (strain ATCC 204508 / S288c)	Fungi	469	False
Q8TAM2	Homo sapiens	Metazoa	541	False
P09118	Rattus norvegicus	Metazoa	303	False
P35637	Homo sapiens	Metazoa	526	False
Q92552	Homo sapiens	Metazoa	414	False
A0A1D5PRR9	Gallus gallus	Metazoa	2041	False
P38319	Saccharomyces cerevisiae (strain ATCC 204508 / S288c)	Fungi	544	False
O08816	Rattus norvegicus	Metazoa	501	False
Q8VY52	Arabidopsis thaliana	Viridiplantae	232	False
Q09142	Schizosaccharomyces pombe (strain 972 / ATCC 24843)	Fungi	499	False
Q8H443	Oryza sativa subsp. japonica	Viridiplantae	436	False
Q12204	Saccharomyces cerevisiae (strain ATCC 204508 / S288c)	Fungi	715	False
P34072	Saccharomyces cerevisiae (strain ATCC 204508 / S288c)	Fungi	584	False
A0A096LP01	Homo sapiens	Metazoa	95	True
Q70CQ1	Homo sapiens	Metazoa	688	False
Q86UQ0	Homo sapiens	Metazoa	364	False
Q9NJP9	Trypanosoma brucei brucei	Other	512	False
Q86YV9	Homo sapiens	Metazoa	775	False
A0A2Z4LIS9	Homo sapiens	Metazoa	290	False
P47057	Saccharomyces cerevisiae (strain ATCC 204508 / S288c)	Fungi	423	False
Q5AK51	Candida albicans (strain SC5314 / ATCC MYA-2876)	Fungi	714	False
Q9H583	Homo sapiens	Metazoa	2144	False
Q8IJX8	Plasmodium falciparum (isolate 3D7)	Other	107	False
Q8BN78	Mus musculus	Metazoa	671	False
O95433	Homo sapiens	Metazoa	338	False
Q8BVG4	Mus musculus	Metazoa	862	False
O95721	Homo sapiens	Metazoa	258	False
P78527	Homo sapiens	Metazoa	4128	False
Q8QFR4	Xenopus laevis	Metazoa	211	False
Q9W1R4	Drosophila melanogaster	Metazoa	1395	False
Q7Z7K0	Homo sapiens	Metazoa	106	False
P48552	Homo sapiens	Metazoa	1158	False
Q9GZN0	Homo sapiens	Metazoa	384	True
Q8IMZ9	Drosophila melanogaster	Metazoa	853	False
Q9NXE8	Homo sapiens	Metazoa	425	False
Q9P5M9	Schizosaccharomyces pombe (strain 972 / ATCC 24843)	Fungi	257	False
Q9SN74	Arabidopsis thaliana	Viridiplantae	240	False
Q4KLP8	Xenopus laevis	Metazoa	663	False
Q3MIT2	Homo sapiens	Metazoa	529	False
B7Z0X7	Drosophila melanogaster	Metazoa	61	True
Q9BZB8	Homo sapiens	Metazoa	566	False
Q96FF9	Homo sapiens	Metazoa	252	False
Q9UJW9	Homo sapiens	Metazoa	196	False
Q8TEA8	Homo sapiens	Metazoa	209	False
P04637	Homo sapiens	Metazoa	393	False
Q9FXI5	Arabidopsis thaliana	Viridiplantae	794	False
P53983	Saccharomyces cerevisiae (strain ATCC 204508 / S288c)	Fungi	676	True
Q9C7S0	Arabidopsis thaliana	Viridiplantae	295	False
Q9D818	Mus musculus	Metazoa	391	False
P04840	Saccharomyces cerevisiae (strain ATCC 204508 / S288c)	Fungi	283	True
P13468	Drosophila melanogaster	Metazoa	463	False
Q0IGK1	Arabidopsis thaliana	Viridiplantae	445	False
Q9H0Z9	Homo sapiens	Metazoa	239	False
Q9VN45	Drosophila melanogaster	Metazoa	553	False
O08774	Rattus norvegicus	Metazoa	1387	False
Q920G9	Mus musculus	Metazoa	524	False
Q9JLR5	Mus musculus	Metazoa	209	False
Q8WXW3	Homo sapiens	Metazoa	757	False
Q54LT0	Dictyostelium discoideum	Other	275	False
O49937	Spinacia oleracea	Viridiplantae	293	False
Q9V466	Drosophila melanogaster	Metazoa	845	False
Q9Y7N1	Schizosaccharomyces pombe (strain 972 / ATCC 24843)	Fungi	240	False
Q8N8R5	Homo sapiens	Metazoa	385	False
Q9V3H8	Drosophila melanogaster	Metazoa	133	False
Q9NP94	Homo sapiens	Metazoa	309	True
Q60674	Mus musculus	Metazoa	576	False
Q681Z2	Arabidopsis thaliana	Viridiplantae	203	False
P53088	Saccharomyces cerevisiae (strain ATCC 204508 / S288c)	Fungi	359	False
P87142	Schizosaccharomyces pombe (strain 972 / ATCC 24843)	Fungi	550	False
P83758	Danio rerio	Metazoa	448	False
Q7TS63	Mus musculus	Metazoa	1237	False
Q06163	Saccharomyces cerevisiae (strain ATCC 204508 / S288c)	Fungi	884	False
Q9D6J5	Mus musculus	Metazoa	186	False
P25651	Saccharomyces cerevisiae (strain ATCC 204508 / S288c)	Fungi	190	False
Q8VDS3	Mus musculus	Metazoa	158	False
Q12072	Saccharomyces cerevisiae (strain ATCC 204508 / S288c)	Fungi	812	False
P50479	Homo sapiens	Metazoa	330	False
P47123	Saccharomyces cerevisiae (strain ATCC 204508 / S288c)	Fungi	218	False
D3ZK93	Rattus norvegicus	Metazoa	322	True
P17442	Saccharomyces cerevisiae (strain ATCC 204508 / S288c)	Fungi	1178	False
P39023	Homo sapiens	Metazoa	403	False
A0JN39	Bos taurus	Metazoa	953	False
Q9SMS0	Arabidopsis thaliana	Viridiplantae	249	False
O13894	Schizosaccharomyces pombe (strain 972 / ATCC 24843)	Fungi	124	False
Q12124	Saccharomyces cerevisiae (strain ATCC 204508 / S288c)	Fungi	431	False
P08703	Penicillium chrysogenum	Fungi	331	False
P34122	Dictyostelium discoideum	Other	287	False
O74489	Schizosaccharomyces pombe (strain 972 / ATCC 24843)	Fungi	329	False
Q9VEA5	Drosophila melanogaster	Metazoa	139	False
P39769	Drosophila melanogaster	Metazoa	1589	False
Q6P1X5	Homo sapiens	Metazoa	1199	False
A0A0A6YY25	Mus musculus	Metazoa	723	False
Q8VWG3	Arabidopsis thaliana	Viridiplantae	303	False
P57728	Schizosaccharomyces pombe (strain 972 / ATCC 24843)	Fungi	148	False
Q9T0A4	Arabidopsis thaliana	Viridiplantae	250	False
Q52KF3	Mus musculus	Metazoa	598	False
P59540	Homo sapiens	Metazoa	309	True
P29965	Homo sapiens	Metazoa	261	True
Q9FL44	Arabidopsis thaliana	Viridiplantae	235	False
P53437	Saccharomyces cerevisiae (strain ATCC 204508 / S288c)	Fungi	365	False
O95273	Homo sapiens	Metazoa	360	False
Q8K3Y6	Rattus norvegicus	Metazoa	776	False
O13539	Saccharomyces cerevisiae (strain ATCC 204508 / S288c)	Fungi	261	False
Q8GYC7	Arabidopsis thaliana	Viridiplantae	313	False
Q07923	Saccharomyces cerevisiae (strain ATCC 204508 / S288c)	Fungi	191	False
O43482	Homo sapiens	Metazoa	229	False
Q92361	Schizosaccharomyces pombe (strain 972 / ATCC 24843)	Fungi	264	False
Q9LG05	Arabidopsis thaliana	Viridiplantae	485	False
Q9SKZ1	Arabidopsis thaliana	Viridiplantae	296	False
Q08417	Saccharomyces cerevisiae (strain ATCC 204508 / S288c)	Fungi	382	True
Q9ZVD0	Arabidopsis thaliana	Viridiplantae	720	False
Q8RWN0	Arabidopsis thaliana	Viridiplantae	571	False
P50106	Saccharomyces cerevisiae (strain ATCC 204508 / S288c)	Fungi	137	False
O65502	Arabidopsis thaliana	Viridiplantae	395	False
Q9BSH4	Homo sapiens	Metazoa	297	False
Q8VZD4	Arabidopsis thaliana	Viridiplantae	709	False
Q4WIN1	Aspergillus fumigatus (strain ATCC MYA-4609 / CBS 101355 / FGSC A1100 / Af293)	Fungi	988	False
Q9CAC5	Arabidopsis thaliana	Viridiplantae	191	True
Q9C5Q8	Arabidopsis thaliana	Viridiplantae	942	False
P07703	Saccharomyces cerevisiae (strain ATCC 204508 / S288c)	Fungi	335	False
Q8TBE7	Homo sapiens	Metazoa	412	False
Q06625	Saccharomyces cerevisiae (strain ATCC 204508 / S288c)	Fungi	1536	False
Q60838	Mus musculus	Metazoa	736	False
Q9VX12	Drosophila melanogaster	Metazoa	359	False
P15873	Saccharomyces cerevisiae (strain ATCC 204508 / S288c)	Fungi	258	False
P30803	Canis lupus familiaris	Metazoa	1265	False
Q6VVB1	Homo sapiens	Metazoa	395	False
P46818	Sinapis alba	Viridiplantae	1078	False
P00966	Homo sapiens	Metazoa	412	False
Q9Y3E1	Homo sapiens	Metazoa	203	False
Q5TB30	Homo sapiens	Metazoa	811	False
Q96D98	Homo sapiens	Metazoa	161	False
Q9H869	Homo sapiens	Metazoa	796	False
Q9HAW0	Homo sapiens	Metazoa	419	False
P40057	Saccharomyces cerevisiae (strain ATCC 204508 / S288c)	Fungi	128	False
Q9LD47	Arabidopsis thaliana	Viridiplantae	320	False
Q9GZS1	Homo sapiens	Metazoa	419	False
Q92540	Homo sapiens	Metazoa	1137	False
Q21952	Caenorhabditis elegans	Metazoa	490	False
Q8RWH9	Arabidopsis thaliana	Viridiplantae	513	False
Q9D1F4	Mus musculus	Metazoa	257	False
Q14116	Homo sapiens	Metazoa	193	False
Q9LHE5	Arabidopsis thaliana	Viridiplantae	309	False
P12904	Saccharomyces cerevisiae (strain ATCC 204508 / S288c)	Fungi	322	False
Q96JZ2	Homo sapiens	Metazoa	352	False
Q7TQP3	Mus musculus	Metazoa	335	True
Q14164	Homo sapiens	Metazoa	716	False
P33240	Homo sapiens	Metazoa	577	False
P87238	Schizosaccharomyces pombe (strain 972 / ATCC 24843)	Fungi	215	False
B2RWS6	Mus musculus	Metazoa	2412	False
Q8I266	Plasmodium falciparum (isolate 3D7)	Other	1470	True
Q8BVN4	Mus musculus	Metazoa	346	False
Q9FVU9	Arabidopsis thaliana	Viridiplantae	358	False
Q15678	Homo sapiens	Metazoa	1187	False
Q53TQ3	Homo sapiens	Metazoa	1027	False
Q80VL1	Mus musculus	Metazoa	560	False
P32754	Homo sapiens	Metazoa	393	False
P38170	Saccharomyces cerevisiae (strain ATCC 204508 / S288c)	Fungi	754	False
O14174	Schizosaccharomyces pombe (strain 972 / ATCC 24843)	Fungi	473	False
Q9GZN2	Homo sapiens	Metazoa	237	False
Q9UKL0	Homo sapiens	Metazoa	485	False
Q9JM80	Rattus norvegicus	Metazoa	424	True
P29461	Saccharomyces cerevisiae (strain ATCC 204508 / S288c)	Fungi	750	False
Q80TG1	Mus musculus	Metazoa	1036	False
P53220	Saccharomyces cerevisiae (strain ATCC 204508 / S288c)	Fungi	239	True
Q96PZ0	Homo sapiens	Metazoa	661	False
Q62209	Mus musculus	Metazoa	993	False
Q969Z0	Homo sapiens	Metazoa	631	False
Q7L5Y1	Homo sapiens	Metazoa	443	False
P54789	Schizosaccharomyces pombe (strain 972 / ATCC 24843)	Fungi	707	False
Q8TEH3	Homo sapiens	Metazoa	1009	False
Q10SY9	Oryza sativa subsp. japonica	Viridiplantae	472	True
P32529	Saccharomyces cerevisiae (strain ATCC 204508 / S288c)	Fungi	125	False
Q9BZR8	Homo sapiens	Metazoa	327	False
P53333	Saccharomyces cerevisiae (strain ATCC 204508 / S288c)	Fungi	577	False
P12198	Nicotiana tabacum	Viridiplantae	55	False
P39011	Saccharomyces cerevisiae (strain ATCC 204508 / S288c)	Fungi	633	False
A0A1D9BZF0	Mus musculus	Metazoa	507	False
Q8R2Y0	Mus musculus	Metazoa	336	True
Q9UTI3	Schizosaccharomyces pombe (strain 972 / ATCC 24843)	Fungi	177	False
Q10067	Schizosaccharomyces pombe (strain 972 / ATCC 24843)	Fungi	690	False
Q8BRE0	Mus musculus	Metazoa	195	False
C6KST8	Plasmodium falciparum (isolate 3D7)	Other	358	True
Q8WUA4	Homo sapiens	Metazoa	911	False
P09594	Spinacia oleracea	Viridiplantae	199	False
Q9V3Y0	Drosophila melanogaster	Metazoa	215	False
Q9QWV4	Mus musculus	Metazoa	267	False
Q7L592	Homo sapiens	Metazoa	441	False
Q9BY84	Homo sapiens	Metazoa	665	False
P87315	Schizosaccharomyces pombe (strain 972 / ATCC 24843)	Fungi	1630	False
Q5DTW7	Mus musculus	Metazoa	1521	False
P49919	Mus musculus	Metazoa	348	False
Q99NF2	Mus musculus	Metazoa	532	False
Q5SXA9	Mus musculus	Metazoa	1104	False
Q57ZI5	Trypanosoma brucei brucei (strain 927/4 GUTat10.1)	Other	624	False
P38876	Saccharomyces cerevisiae (strain ATCC 204508 / S288c)	Fungi	190	False
Q9UUC7	Schizosaccharomyces pombe (strain 972 / ATCC 24843)	Fungi	366	False
Q9LFP6	Arabidopsis thaliana	Viridiplantae	367	True
Q969K3	Homo sapiens	Metazoa	372	False
Q63472	Rattus norvegicus	Metazoa	962	False
O59757	Schizosaccharomyces pombe (strain 972 / ATCC 24843)	Fungi	1364	False
Q14676	Homo sapiens	Metazoa	2089	False
Q8WXF8	Homo sapiens	Metazoa	326	False
Q9DB10	Mus musculus	Metazoa	107	True
Q84LB6	Solanum lycopersicum	Viridiplantae	417	False
G5EG17	Caenorhabditis elegans	Metazoa	1149	False
Q8IVP5	Homo sapiens	Metazoa	155	True
Q12904	Homo sapiens	Metazoa	312	False
Q9NS69	Homo sapiens	Metazoa	142	True
P40205	Homo sapiens	Metazoa	109	False
Q96JH7	Homo sapiens	Metazoa	1222	False
P56288	Schizosaccharomyces pombe (strain 972 / ATCC 24843)	Fungi	458	False
O14310	Schizosaccharomyces pombe (strain 972 / ATCC 24843)	Fungi	933	False
G5ECU7	Caenorhabditis elegans	Metazoa	319	False
P27815	Homo sapiens	Metazoa	886	False
Q62187	Mus musculus	Metazoa	859	False
Q12749	Saccharomyces cerevisiae (strain ATCC 204508 / S288c)	Fungi	1114	False
Q8W4E7	Arabidopsis thaliana	Viridiplantae	598	False
Q9CQH3	Mus musculus	Metazoa	189	True
Q04867	Saccharomyces cerevisiae (strain ATCC 204508 / S288c)	Fungi	317	False
Q9FE22	Arabidopsis thaliana	Viridiplantae	292	False
P49654	Rattus norvegicus	Metazoa	397	True
Q9VFS6	Drosophila melanogaster	Metazoa	994	False
Q9QYW0	Rattus norvegicus	Metazoa	523	False
P32970	Homo sapiens	Metazoa	193	True
Q53EK2	Schizosaccharomyces pombe (strain 972 / ATCC 24843)	Fungi	232	False
Q9BT78	Homo sapiens	Metazoa	406	False
Q9SZR9	Arabidopsis thaliana	Viridiplantae	638	False
Q9VHJ6	Drosophila melanogaster	Metazoa	592	False
Q5W0Q7	Homo sapiens	Metazoa	1092	False
Q8C8Y5	Mus musculus	Metazoa	445	False
Q6ZIK5	Oryza sativa subsp. japonica	Viridiplantae	394	False
Q9UKJ5	Homo sapiens	Metazoa	165	False
Q7JXF5	Drosophila melanogaster	Metazoa	394	False
O95926	Homo sapiens	Metazoa	243	False
P43596	Saccharomyces cerevisiae (strain ATCC 204508 / S288c)	Fungi	787	False
Q9M3K7	Spinacia oleracea	Viridiplantae	101	False
Q68D91	Homo sapiens	Metazoa	279	False
O76906	Drosophila melanogaster	Metazoa	982	False
P31111	Saccharomyces cerevisiae (strain ATCC 204508 / S288c)	Fungi	875	False
Q9UT03	Schizosaccharomyces pombe (strain 972 / ATCC 24843)	Fungi	677	False
Q8SUF9	Encephalitozoon cuniculi (strain GB-M1)	Fungi	553	True
Q4WF54	Aspergillus fumigatus (strain ATCC MYA-4609 / CBS 101355 / FGSC A1100 / Af293)	Fungi	270	False
P50548	Homo sapiens	Metazoa	548	False
Q62733	Rattus norvegicus	Metazoa	452	False
Q22799	Caenorhabditis elegans	Metazoa	89	False
Q9C0W0	Schizosaccharomyces pombe (strain 972 / ATCC 24843)	Fungi	409	False
P12524	Homo sapiens	Metazoa	364	False
P46422	Arabidopsis thaliana	Viridiplantae	212	False
Q3E840	Saccharomyces cerevisiae (strain ATCC 204508 / S288c)	Fungi	82	False
Q9VUB5	Drosophila melanogaster	Metazoa	3146	False
Q9Y4L5	Homo sapiens	Metazoa	304	False
Q8CGY6	Mus musculus	Metazoa	931	False
Q8CD15	Mus musculus	Metazoa	465	False
P52488	Saccharomyces cerevisiae (strain ATCC 204508 / S288c)	Fungi	636	False
Q967U1	Dictyostelium discoideum	Other	225	False
Q68E01	Homo sapiens	Metazoa	1043	False
Q13015	Homo sapiens	Metazoa	90	False
P35269	Homo sapiens	Metazoa	517	False
Q9SJQ6	Arabidopsis thaliana	Viridiplantae	1393	False
O94701	Schizosaccharomyces pombe (strain 972 / ATCC 24843)	Fungi	272	False
Q6DBR6	Danio rerio	Metazoa	334	False
Q13562	Homo sapiens	Metazoa	356	False
P40513	Saccharomyces cerevisiae (strain ATCC 204508 / S288c)	Fungi	266	False
Q16342	Homo sapiens	Metazoa	344	False
Q9P804	Schizosaccharomyces pombe (strain 972 / ATCC 24843)	Fungi	548	False
Q5XVG3	Arabidopsis thaliana	Viridiplantae	287	False
F4IN23	Arabidopsis thaliana	Viridiplantae	321	False
Q8WXD5	Homo sapiens	Metazoa	167	False
O49782	Arabidopsis thaliana	Viridiplantae	352	False
Q3ZCQ8	Homo sapiens	Metazoa	353	True
Q5T7W0	Homo sapiens	Metazoa	954	False
A6NHX0	Homo sapiens	Metazoa	329	False
O70302	Mus musculus	Metazoa	217	False
Q91ZR5	Mus musculus	Metazoa	686	False
Q9CQE1	Mus musculus	Metazoa	247	False
P60002	Homo sapiens	Metazoa	83	False
Q9TY84	Crithidia fasciculata	Other	130	False
Q07623	Saccharomyces cerevisiae (strain ATCC 204508 / S288c)	Fungi	225	False
O24463	Zea mays	Viridiplantae	328	False
Q9W1H4	Drosophila melanogaster	Metazoa	747	False
P32479	Saccharomyces cerevisiae (strain ATCC 204508 / S288c)	Fungi	840	False
P87017	Aspergillus parasiticus (strain ATCC 56775 / NRRL 5862 / SRRC 143 / SU-1)	Fungi	278	False
Q6ZWQ0	Mus musculus	Metazoa	6874	False
Q9LSB9	Arabidopsis thaliana	Viridiplantae	755	False
Q9FNB0	Arabidopsis thaliana	Viridiplantae	1381	False
Q8CJ00	Mus musculus	Metazoa	444	False
Q61818	Mus musculus	Metazoa	1889	False
Q09902	Schizosaccharomyces pombe (strain 972 / ATCC 24843)	Fungi	85	False
P18886	Rattus norvegicus	Metazoa	658	False
C6KSN4	Plasmodium falciparum (isolate 3D7)	Other	2368	False
P31385	Saccharomyces cerevisiae (strain ATCC 204508 / S288c)	Fungi	405	False
Q9CQP8	Mus musculus	Metazoa	194	False
O74309	Schizosaccharomyces pombe (strain 972 / ATCC 24843)	Fungi	807	False
Q337M4	Oryza sativa subsp. japonica	Viridiplantae	364	False
Q9H1E3	Homo sapiens	Metazoa	243	False
P27788	Zea mays	Viridiplantae	152	False
P40366	Saccharomyces cerevisiae (strain ATCC 204508 / S288c)	Fungi	167	False
Q8N0T1	Homo sapiens	Metazoa	100	False
O74905	Schizosaccharomyces pombe (strain 972 / ATCC 24843)	Fungi	189	False
Q9JJN6	Mus musculus	Metazoa	81	False
P47120	Saccharomyces cerevisiae (strain ATCC 204508 / S288c)	Fungi	325	False
F4I3P9	Arabidopsis thaliana	Viridiplantae	772	False
Q8CGU4	Rattus norvegicus	Metazoa	1186	False
Q9BYI3	Homo sapiens	Metazoa	521	False
Q9CQT9	Mus musculus	Metazoa	129	True
A1Z6S7	Drosophila melanogaster	Metazoa	635	False
P0CT60	Schizosaccharomyces pombe (strain 972 / ATCC 24843)	Fungi	139	False
P07236	Saccharomyces cerevisiae (strain ATCC 204508 / S288c)	Fungi	462	False
Q9SQR3	Arabidopsis thaliana	Viridiplantae	267	False
O22130	Arabidopsis thaliana	Viridiplantae	317	False
Q3U827	Mus musculus	Metazoa	592	False
Q9GZR1	Homo sapiens	Metazoa	1112	False
P47007	Saccharomyces cerevisiae (strain ATCC 204508 / S288c)	Fungi	382	False
Q6C6R8	Yarrowia lipolytica (strain CLIB 122 / E 150)	Fungi	417	False
P53808	Mus musculus	Metazoa	214	False
A0A7G5KLV3	Cananga odorata	Viridiplantae	586	False
Q7Z7K6	Homo sapiens	Metazoa	275	False
Q9P7P2	Schizosaccharomyces pombe (strain 972 / ATCC 24843)	Fungi	528	False
Q12476	Saccharomyces cerevisiae (strain ATCC 204508 / S288c)	Fungi	344	False
P51557	Mus musculus	Metazoa	284	False
Q7Z4V0	Homo sapiens	Metazoa	828	False
O61707	Caenorhabditis elegans	Metazoa	523	False
Q7T0L4	Gallus gallus	Metazoa	329	False
Q9FFS4	Arabidopsis thaliana	Viridiplantae	101	False
Q04637	Homo sapiens	Metazoa	1599	False
P56182	Homo sapiens	Metazoa	461	False
P18888	Saccharomyces cerevisiae (strain ATCC 204508 / S288c)	Fungi	332	False
D4A7U2	Rattus norvegicus	Metazoa	587	False
Q60465	Cricetulus longicaudatus	Metazoa	590	False
O08773	Rattus norvegicus	Metazoa	544	False
Q8GWR1	Arabidopsis thaliana	Viridiplantae	447	False
Q12339	Saccharomyces cerevisiae (strain ATCC 204508 / S288c)	Fungi	254	False
Q9D494	Mus musculus	Metazoa	218	False
Q7RXV8	Neurospora crassa (strain ATCC 24698 / 74-OR23-1A / CBS 708.71 / DSM 1257 / FGSC 987)	Fungi	449	False
Q96326	Arabidopsis thaliana	Viridiplantae	256	True
Q9LVD0	Arabidopsis thaliana	Viridiplantae	289	False
Q8IUR7	Homo sapiens	Metazoa	673	False
P63242	Mus musculus	Metazoa	154	False
Q9ER31	Rattus norvegicus	Metazoa	455	True
Q9NZD8	Homo sapiens	Metazoa	308	False
Q96EB1	Homo sapiens	Metazoa	424	False
P28776	Mus musculus	Metazoa	407	False
Q9FG00	Arabidopsis thaliana	Viridiplantae	491	True
P12695	Saccharomyces cerevisiae (strain ATCC 204508 / S288c)	Fungi	482	False
Q03036	Saccharomyces cerevisiae (strain ATCC 204508 / S288c)	Fungi	179	False
P10663	Saccharomyces cerevisiae (strain ATCC 204508 / S288c)	Fungi	115	False
Q12440	Saccharomyces cerevisiae (strain ATCC 204508 / S288c)	Fungi	853	False
Q9BSJ6	Homo sapiens	Metazoa	248	False
Q8L785	Arabidopsis thaliana	Viridiplantae	1067	False
Q9UBY9	Homo sapiens	Metazoa	170	False
P43266	Euglena gracilis	Other	100	True
Q99JB6	Mus musculus	Metazoa	429	False
Q9UTK5	Schizosaccharomyces pombe (strain 972 / ATCC 24843)	Fungi	1727	False
Q8L493	Arabidopsis thaliana	Viridiplantae	373	False
Q08182	Saccharomyces cerevisiae (strain ATCC 204508 / S288c)	Fungi	245	False
O74856	Schizosaccharomyces pombe (strain 972 / ATCC 24843)	Fungi	335	False
Q6P4Q7	Homo sapiens	Metazoa	775	False
P01129	Schizosaccharomyces pombe (strain 972 / ATCC 24843)	Fungi	767	False
P47108	Saccharomyces cerevisiae (strain ATCC 204508 / S288c)	Fungi	1174	False
P30155	Nicotiana tabacum	Viridiplantae	179	False
Q6PDS3	Mus musculus	Metazoa	724	False
P57741	Arabidopsis thaliana	Viridiplantae	195	False
Q9DCX7	Mus musculus	Metazoa	243	True
Q99929	Homo sapiens	Metazoa	193	False
O49621	Arabidopsis thaliana	Viridiplantae	526	True
Q9BRS8	Homo sapiens	Metazoa	491	False
Q9WTK2	Mus musculus	Metazoa	593	False
Q93034	Homo sapiens	Metazoa	780	False
P87234	Schizosaccharomyces pombe (strain 972 / ATCC 24843)	Fungi	635	False
Q39009	Arabidopsis thaliana	Viridiplantae	344	False
Q02775	Saccharomyces cerevisiae (strain ATCC 204508 / S288c)	Fungi	382	False
P70445	Mus musculus	Metazoa	120	False
Q9UTR9	Schizosaccharomyces pombe (strain 972 / ATCC 24843)	Fungi	368	False
O89050	Mus musculus	Metazoa	735	False
Q84ST4	Oryza sativa subsp. japonica	Viridiplantae	343	False
Q9SJX7	Arabidopsis thaliana	Viridiplantae	433	False
P32828	Saccharomyces cerevisiae (strain ATCC 204508 / S288c)	Fungi	619	False
Q9SW31	Arabidopsis thaliana	Viridiplantae	157	False
P49443	Mus musculus	Metazoa	382	False
O08901	Mus musculus	Metazoa	1058	False
P24929	Nicotiana tabacum	Viridiplantae	186	False
P38345	Saccharomyces cerevisiae (strain ATCC 204508 / S288c)	Fungi	138	False
Q8R000	Mus musculus	Metazoa	340	True
P52756	Homo sapiens	Metazoa	815	False
O21619	Ovis aries	Metazoa	261	True
P34440	Caenorhabditis elegans	Metazoa	261	False
P35169	Saccharomyces cerevisiae (strain ATCC 204508 / S288c)	Fungi	2470	False
P48612	Drosophila melanogaster	Metazoa	395	False
Q1K5G1	Neurospora crassa (strain ATCC 24698 / 74-OR23-1A / CBS 708.71 / DSM 1257 / FGSC 987)	Fungi	320	False
Q7S4Y4	Neurospora crassa (strain ATCC 24698 / 74-OR23-1A / CBS 708.71 / DSM 1257 / FGSC 987)	Fungi	90	False
O15091	Homo sapiens	Metazoa	583	False
Q9VE86	Drosophila melanogaster	Metazoa	353	False
Q9P032	Homo sapiens	Metazoa	175	False
Q7S300	Neurospora crassa (strain ATCC 24698 / 74-OR23-1A / CBS 708.71 / DSM 1257 / FGSC 987)	Fungi	138	False
Q12068	Saccharomyces cerevisiae (strain ATCC 204508 / S288c)	Fungi	342	False
Q8LBP4	Arabidopsis thaliana	Viridiplantae	462	False
Q9ESJ1	Mus musculus	Metazoa	568	False
P40528	Saccharomyces cerevisiae (strain ATCC 204508 / S288c)	Fungi	902	False
O13722	Schizosaccharomyces pombe (strain 972 / ATCC 24843)	Fungi	450	False
Q8N2Y8	Homo sapiens	Metazoa	1516	False
P07663	Drosophila melanogaster	Metazoa	1218	False
Q9UNN5	Homo sapiens	Metazoa	650	False
Q05809	Saccharomyces cerevisiae (strain ATCC 204508 / S288c)	Fungi	96	False
Q03375	Saccharomyces cerevisiae (strain ATCC 204508 / S288c)	Fungi	135	False
Q924K8	Mus musculus	Metazoa	591	False
O74835	Schizosaccharomyces pombe (strain 972 / ATCC 24843)	Fungi	1690	False
P41698	Saccharomyces cerevisiae (strain ATCC 204508 / S288c)	Fungi	603	False
Q03898	Saccharomyces cerevisiae (strain ATCC 204508 / S288c)	Fungi	291	False
O43006	Schizosaccharomyces pombe (strain 972 / ATCC 24843)	Fungi	225	False
Q9LDY5	Arabidopsis thaliana	Viridiplantae	247	False
P07246	Saccharomyces cerevisiae (strain ATCC 204508 / S288c)	Fungi	375	False
Q96FI4	Homo sapiens	Metazoa	390	False
P53968	Saccharomyces cerevisiae (strain ATCC 204508 / S288c)	Fungi	678	False
F4I1T7	Arabidopsis thaliana	Viridiplantae	1819	False
Q9ER97	Mus musculus	Metazoa	151	False
Q8C8N2	Mus musculus	Metazoa	606	False
O94830	Homo sapiens	Metazoa	711	False
S7VVK4	Toxoplasma gondii (strain ATCC 50853 / GT1)	Other	4367	False
Q93ZG9	Arabidopsis thaliana	Viridiplantae	477	False
Q9M9X4	Arabidopsis thaliana	Viridiplantae	295	False
P26269	Ascaris suum	Metazoa	361	False
Q99MZ3	Mus musculus	Metazoa	864	False
A0A7J6KC99	Toxoplasma gondii	Other	7603	False
P32584	Saccharomyces cerevisiae (strain ATCC 204508 / S288c)	Fungi	239	True
Q7S910	Neurospora crassa (strain ATCC 24698 / 74-OR23-1A / CBS 708.71 / DSM 1257 / FGSC 987)	Fungi	263	False
C9JLW8	Homo sapiens	Metazoa	97	False
P23492	Mus musculus	Metazoa	289	False
Q9P2H5	Homo sapiens	Metazoa	1018	False
Q06675	Saccharomyces cerevisiae (strain ATCC 204508 / S288c)	Fungi	368	False
Q8CBX0	Mus musculus	Metazoa	802	True
Q9Y3S1	Homo sapiens	Metazoa	2297	False
Q9UUG9	Schizosaccharomyces pombe (strain 972 / ATCC 24843)	Fungi	1339	False
Q562A2	Rattus norvegicus	Metazoa	1073	False
Q9P6I9	Schizosaccharomyces pombe (strain 972 / ATCC 24843)	Fungi	618	False
Q9NRP2	Homo sapiens	Metazoa	79	False
Q8N6F7	Homo sapiens	Metazoa	178	False
Q08287	Saccharomyces cerevisiae (strain ATCC 204508 / S288c)	Fungi	484	False
Q7K003	Drosophila melanogaster	Metazoa	201	False
Q94JY0	Arabidopsis thaliana	Viridiplantae	330	False
Q86US8	Homo sapiens	Metazoa	1419	False
Q8NB91	Homo sapiens	Metazoa	859	False
A2AKX3	Mus musculus	Metazoa	2646	False
Q9UJQ4	Homo sapiens	Metazoa	1053	False
Q9M5P3	Arabidopsis thaliana	Viridiplantae	354	False
P26370	Saccharomyces cerevisiae (strain ATCC 204508 / S288c)	Fungi	528	False
Q80XX4	Rattus norvegicus	Metazoa	82	False
Q9ASS2	Arabidopsis thaliana	Viridiplantae	601	False
Q9SU56	Arabidopsis thaliana	Viridiplantae	610	True
Q8VY88	Arabidopsis thaliana	Viridiplantae	175	False
Q6EPZ0	Oryza sativa subsp. japonica	Viridiplantae	318	False
P38228	Saccharomyces cerevisiae (strain ATCC 204508 / S288c)	Fungi	572	False
Q12161	Saccharomyces cerevisiae (strain ATCC 204508 / S288c)	Fungi	406	False
Q940M2	Arabidopsis thaliana	Viridiplantae	476	False
Q9D023	Mus musculus	Metazoa	127	True
Q92247	Neurospora crassa (strain ATCC 24698 / 74-OR23-1A / CBS 708.71 / DSM 1257 / FGSC 987)	Fungi	412	False
A0A8I6ASZ5	Rattus norvegicus	Metazoa	666	False
Q13487	Homo sapiens	Metazoa	334	False
P38210	Saccharomyces cerevisiae (strain ATCC 204508 / S288c)	Fungi	180	False
Q8R2H7	Rattus norvegicus	Metazoa	913	False
P08518	Saccharomyces cerevisiae (strain ATCC 204508 / S288c)	Fungi	1224	False
O60284	Homo sapiens	Metazoa	1047	False
F4HQA1	Arabidopsis thaliana	Viridiplantae	589	False
Q2YDI5	Bos taurus	Metazoa	212	False
Q9WUU9	Mus musculus	Metazoa	1971	False
Q9SIV5	Arabidopsis thaliana	Viridiplantae	1773	False
Q7JXA8	Drosophila melanogaster	Metazoa	418	False
Q6TA49	Sus scrofa	Metazoa	289	True
P41005	Schizosaccharomyces pombe (strain 972 / ATCC 24843)	Fungi	101	False
Q99LM3	Mus musculus	Metazoa	459	False
Q96Q15	Homo sapiens	Metazoa	3661	False
Q91YD4	Mus musculus	Metazoa	1506	False
Q9N4M4	Caenorhabditis elegans	Metazoa	8545	False
Q9VWE6	Drosophila melanogaster	Metazoa	2111	False
Q96305	Arabidopsis thaliana	Viridiplantae	136	False
Q9Y5S8	Homo sapiens	Metazoa	564	True
Q7XA78	Arabidopsis thaliana	Viridiplantae	264	False
Q92750	Homo sapiens	Metazoa	862	False
P24813	Saccharomyces cerevisiae (strain ATCC 204508 / S288c)	Fungi	409	False
Q9UU91	Schizosaccharomyces pombe (strain 972 / ATCC 24843)	Fungi	182	True
Q06338	Saccharomyces cerevisiae (strain ATCC 204508 / S288c)	Fungi	283	False
Q8VDZ4	Mus musculus	Metazoa	715	True
Q68CP9	Homo sapiens	Metazoa	1835	False
Q99583	Homo sapiens	Metazoa	582	False
P58334	Mus musculus	Metazoa	251	False
Q8VDP2	Mus musculus	Metazoa	222	False
P21784	Mus musculus	Metazoa	527	False
Q9VLP3	Drosophila melanogaster	Metazoa	122	False
Q84T94	Oryza sativa subsp. japonica	Viridiplantae	639	False
Q9H0F6	Homo sapiens	Metazoa	387	False
P50749	Homo sapiens	Metazoa	326	False
Q7SB95	Neurospora crassa (strain ATCC 24698 / 74-OR23-1A / CBS 708.71 / DSM 1257 / FGSC 987)	Fungi	117	False
P08580	Neurospora crassa (strain ATCC 24698 / 74-OR23-1A / CBS 708.71 / DSM 1257 / FGSC 987)	Fungi	107	False
Q9FT52	Arabidopsis thaliana	Viridiplantae	168	False
Q96HJ9	Homo sapiens	Metazoa	113	False
P16455	Homo sapiens	Metazoa	207	False
C6TA59	Glycine max	Viridiplantae	214	False
A2A884	Mus musculus	Metazoa	2348	False
Q9FZ47	Arabidopsis thaliana	Viridiplantae	290	False
Q8N4L1	Homo sapiens	Metazoa	468	True
Q15057	Homo sapiens	Metazoa	778	False
Q0WLC6	Arabidopsis thaliana	Viridiplantae	1089	False
Q6NKS4	Arabidopsis thaliana	Viridiplantae	258	False
Q9R1C7	Mus musculus	Metazoa	953	False
Q10335	Schizosaccharomyces pombe (strain 972 / ATCC 24843)	Fungi	397	False
O43031	Schizosaccharomyces pombe (strain 972 / ATCC 24843)	Fungi	381	False
Q03280	Saccharomyces cerevisiae (strain ATCC 204508 / S288c)	Fungi	3268	False
Q9Y803	Schizosaccharomyces pombe (strain 972 / ATCC 24843)	Fungi	127	False
Q9LEZ1	Arabidopsis thaliana	Viridiplantae	144	False
Q9SRP6	Arabidopsis thaliana	Viridiplantae	194	False
Q6GKV1	Arabidopsis thaliana	Viridiplantae	324	False
Q9FPS9	Arabidopsis thaliana	Viridiplantae	924	False
Q10F03	Oryza sativa subsp. japonica	Viridiplantae	529	False
O70456	Mus musculus	Metazoa	248	False
Q24322	Drosophila melanogaster	Metazoa	899	True
Q9CWR7	Mus musculus	Metazoa	339	True
Q9H0C3	Homo sapiens	Metazoa	514	True
O14523	Homo sapiens	Metazoa	706	True
Q9FJN9	Arabidopsis thaliana	Viridiplantae	220	False
Q9BRQ5	Homo sapiens	Metazoa	295	True
P14868	Homo sapiens	Metazoa	501	False
P36056	Saccharomyces cerevisiae (strain ATCC 204508 / S288c)	Fungi	628	False
P10688	Rattus norvegicus	Metazoa	756	False
P48985	Mus musculus	Metazoa	351	False
P38737	Saccharomyces cerevisiae (strain ATCC 204508 / S288c)	Fungi	1868	False
Q3USZ2	Mus musculus	Metazoa	394	False
Q8K339	Mus musculus	Metazoa	391	False
Q9BXL8	Homo sapiens	Metazoa	241	False
Q54T86	Dictyostelium discoideum	Other	568	False
Q3V6T2	Homo sapiens	Metazoa	1871	False
Q8BNX7	Mus musculus	Metazoa	165	False
Q9UUM2	Schizosaccharomyces pombe (strain 972 / ATCC 24843)	Fungi	971	False
Q384Y1	Trypanosoma brucei brucei (strain 927/4 GUTat10.1)	Other	929	False
Q9UDW3	Homo sapiens	Metazoa	170	False
A0PJY2	Homo sapiens	Metazoa	475	False
P40228	Arabidopsis thaliana	Viridiplantae	287	False
P54845	Homo sapiens	Metazoa	237	False
Q8WUM0	Homo sapiens	Metazoa	1156	False
F4JHH5	Arabidopsis thaliana	Viridiplantae	787	False
O70404	Mus musculus	Metazoa	101	True
Q9BZV1	Homo sapiens	Metazoa	441	False
Q00416	Saccharomyces cerevisiae (strain ATCC 204508 / S288c)	Fungi	2231	False
Q6ATB4	Oryza sativa subsp. japonica	Viridiplantae	583	False
Q28205	Bos taurus	Metazoa	1199	False
Q5VT06	Homo sapiens	Metazoa	3117	False
Q9CZW6	Mus musculus	Metazoa	359	False
P17429	Emericella nidulans (strain FGSC A4 / ATCC 38163 / CBS 112.46 / NRRL 194 / M139)	Fungi	876	False
P38137	Saccharomyces cerevisiae (strain ATCC 204508 / S288c)	Fungi	543	False
Q2VLK6	Trypanosoma cruzi (strain CL Brener)	Other	358	False
P70278	Mus musculus	Metazoa	393	False
A0A1C3NSL9	Caenorhabditis elegans	Metazoa	1644	False
Q04675	Saccharomyces cerevisiae (strain ATCC 204508 / S288c)	Fungi	128	False
O97965	Ovis aries	Metazoa	110	False
Q3KPK4	Xenopus laevis	Metazoa	280	False
Q8W104	Arabidopsis thaliana	Viridiplantae	593	False
P38913	Saccharomyces cerevisiae (strain ATCC 204508 / S288c)	Fungi	306	False
Q6UWS5	Homo sapiens	Metazoa	81	False
A0SVK0	Arabidopsis thaliana	Viridiplantae	291	False
Q7L3V2	Homo sapiens	Metazoa	364	False
Q10341	Schizosaccharomyces pombe (strain 972 / ATCC 24843)	Fungi	504	False
P53834	Saccharomyces cerevisiae (strain ATCC 204508 / S288c)	Fungi	153	False
Q9LX93	Arabidopsis thaliana	Viridiplantae	301	True
P97524	Rattus norvegicus	Metazoa	620	True
Q6Z2G7	Oryza sativa subsp. japonica	Viridiplantae	361	False
Q99LD8	Mus musculus	Metazoa	285	False
P11638	Neurospora crassa (strain ATCC 24698 / 74-OR23-1A / CBS 708.71 / DSM 1257 / FGSC 987)	Fungi	816	False
Q8C4V4	Mus musculus	Metazoa	428	False
Q5DT39	Rattus norvegicus	Metazoa	243	True
P07665	Drosophila melanogaster	Metazoa	356	False
Q7M750	Mus musculus	Metazoa	143	True
Q80WB5	Mus musculus	Metazoa	209	False
Q8IXI2	Homo sapiens	Metazoa	618	False
Q6P2C8	Homo sapiens	Metazoa	311	False
O15027	Homo sapiens	Metazoa	2357	False
P09925	Mus musculus	Metazoa	306	True
Q3UHU5	Mus musculus	Metazoa	1945	False
Q99567	Homo sapiens	Metazoa	741	False
P25705	Homo sapiens	Metazoa	553	False
Q6ZV65	Homo sapiens	Metazoa	393	False
Q6EKJ0	Homo sapiens	Metazoa	949	False
Q9JJD0	Mus musculus	Metazoa	305	False
P40012	Saccharomyces cerevisiae (strain ATCC 204508 / S288c)	Fungi	539	False
O82775	Arabidopsis thaliana	Viridiplantae	256	False
Q15126	Homo sapiens	Metazoa	192	False
Q92186	Homo sapiens	Metazoa	375	True
Q12308	Saccharomyces cerevisiae (strain ATCC 204508 / S288c)	Fungi	588	False
Q5JNS0	Oryza sativa subsp. japonica	Viridiplantae	379	False
P36093	Saccharomyces cerevisiae (strain ATCC 204508 / S288c)	Fungi	366	False
A2AG58	Mus musculus	Metazoa	752	False
Q02099	Schizosaccharomyces pombe (strain 972 / ATCC 24843)	Fungi	2386	False
Q9VQ89	Drosophila melanogaster	Metazoa	867	False
P97868	Mus musculus	Metazoa	1790	False
Q2HJJ1	Bos taurus	Metazoa	256	False
O74791	Schizosaccharomyces pombe (strain 972 / ATCC 24843)	Fungi	470	False
Q6KCD5	Mus musculus	Metazoa	2798	False
P23804	Mus musculus	Metazoa	489	False
Q9Y224	Homo sapiens	Metazoa	244	False
F4HVZ5	Arabidopsis thaliana	Viridiplantae	279	False
Q54KF1	Dictyostelium discoideum	Other	1158	False
Q9Y6D9	Homo sapiens	Metazoa	718	False
Q19541	Caenorhabditis elegans	Metazoa	169	False
P22985	Rattus norvegicus	Metazoa	1331	False
Q6A078	Mus musculus	Metazoa	2472	False
P40576	Saccharomyces cerevisiae (strain ATCC 204508 / S288c)	Fungi	216	True
Q96Q11	Homo sapiens	Metazoa	434	False
Q8N2C7	Homo sapiens	Metazoa	3258	False
Q12090	Saccharomyces cerevisiae (strain ATCC 204508 / S288c)	Fungi	404	False
Q5PRF9	Homo sapiens	Metazoa	694	False
P60896	Homo sapiens	Metazoa	70	False
Q12032	Saccharomyces cerevisiae (strain ATCC 204508 / S288c)	Fungi	185	False
Q9SAH8	Arabidopsis thaliana	Viridiplantae	532	True
P36617	Schizosaccharomyces pombe (strain 972 / ATCC 24843)	Fungi	877	False
P82673	Homo sapiens	Metazoa	323	False
Q76PC4	Schizosaccharomyces pombe (strain 972 / ATCC 24843)	Fungi	562	False
Q3ZBI7	Bos taurus	Metazoa	58	True
P0DMU9	Homo sapiens	Metazoa	189	False
Q66HL2	Rattus norvegicus	Metazoa	509	False
Q96P16	Homo sapiens	Metazoa	312	False
Q9HC21	Homo sapiens	Metazoa	320	True
Q5XIQ3	Rattus norvegicus	Metazoa	316	False
Q8W4D6	Arabidopsis thaliana	Viridiplantae	598	False
Q9BT43	Homo sapiens	Metazoa	218	False
Q06596	Saccharomyces cerevisiae (strain ATCC 204508 / S288c)	Fungi	294	False
O74778	Schizosaccharomyces pombe (strain 972 / ATCC 24843)	Fungi	284	False
O02696	Sus scrofa	Metazoa	877	False
P30429	Caenorhabditis elegans	Metazoa	549	False
P39013	Saccharomyces cerevisiae (strain ATCC 204508 / S288c)	Fungi	349	False
Q9P7N4	Schizosaccharomyces pombe (strain 972 / ATCC 24843)	Fungi	315	False
Q7K3L1	Drosophila melanogaster	Metazoa	921	False
Q9Y6M1	Homo sapiens	Metazoa	599	False
E9Q3G8	Mus musculus	Metazoa	1462	False
Q7S2C2	Neurospora crassa (strain ATCC 24698 / 74-OR23-1A / CBS 708.71 / DSM 1257 / FGSC 987)	Fungi	119	False
P25686	Homo sapiens	Metazoa	324	False
Q0WV90	Arabidopsis thaliana	Viridiplantae	1120	False
Q5QJE6	Homo sapiens	Metazoa	756	False
Q8NF50	Homo sapiens	Metazoa	2099	False
Q6NXH3	Mus musculus	Metazoa	473	False
Q9QXX8	Mus musculus	Metazoa	484	False
Q06668	Saccharomyces cerevisiae (strain ATCC 204508 / S288c)	Fungi	471	False
Q5T8A7	Homo sapiens	Metazoa	1209	False
Q8IW03	Homo sapiens	Metazoa	269	False
P50748	Homo sapiens	Metazoa	2209	False
Q16670	Homo sapiens	Metazoa	478	False
Q63836	Mus musculus	Metazoa	472	False
Q08116	Homo sapiens	Metazoa	209	False
Q9XI73	Arabidopsis thaliana	Viridiplantae	190	False
A2T1U1	Brassica oleracea var. botrytis	Viridiplantae	305	False
P37090	Rattus norvegicus	Metazoa	638	True
Q99569	Homo sapiens	Metazoa	1192	False
Q0E7J7	Schizosaccharomyces pombe (strain 972 / ATCC 24843)	Fungi	325	False
Q13277	Homo sapiens	Metazoa	289	False
Q00816	Saccharomyces cerevisiae (strain ATCC 204508 / S288c)	Fungi	1014	False
D3ZUI5	Rattus norvegicus	Metazoa	1133	False
Q7TNV0	Mus musculus	Metazoa	380	False
Q9VW15	Drosophila melanogaster	Metazoa	2226	False
Q9P382	Schizosaccharomyces pombe (strain 972 / ATCC 24843)	Fungi	798	False
P82194	Spinacia oleracea	Viridiplantae	126	False
P61023	Rattus norvegicus	Metazoa	195	False
Q9NWY4	Homo sapiens	Metazoa	346	False
Q9Y2I9	Homo sapiens	Metazoa	924	False
Q08913	Saccharomyces cerevisiae (strain ATCC 204508 / S288c)	Fungi	375	True
Q5VTE6	Homo sapiens	Metazoa	544	False
O74761	Schizosaccharomyces pombe (strain 972 / ATCC 24843)	Fungi	459	False
Q8WW12	Homo sapiens	Metazoa	178	False
Q6TCH4	Homo sapiens	Metazoa	344	True
Q9NP77	Homo sapiens	Metazoa	194	False
F4JCX9	Arabidopsis thaliana	Viridiplantae	663	False
Q9DAG4	Mus musculus	Metazoa	180	False
P62908	Mus musculus	Metazoa	243	False
P40459	Saccharomyces cerevisiae (strain ATCC 204508 / S288c)	Fungi	309	False
Q9BT92	Homo sapiens	Metazoa	498	False
Q8SXD4	Drosophila melanogaster	Metazoa	1122	False
C0HLN0	Rattus norvegicus	Metazoa	54	True
Q9UKV3	Homo sapiens	Metazoa	1341	False
P32799	Saccharomyces cerevisiae (strain ATCC 204508 / S288c)	Fungi	129	True
P38826	Saccharomyces cerevisiae (strain ATCC 204508 / S288c)	Fungi	435	False
Q9HFE6	Schizosaccharomyces pombe (strain 972 / ATCC 24843)	Fungi	478	False
Q9FKQ7	Arabidopsis thaliana	Viridiplantae	150	False
Q9P6R0	Schizosaccharomyces pombe (strain 972 / ATCC 24843)	Fungi	492	False
Q9I7K0	Drosophila melanogaster	Metazoa	208	False
P04789	Trypanosoma brucei brucei	Other	250	False
O94670	Schizosaccharomyces pombe (strain 972 / ATCC 24843)	Fungi	273	False
Q9STY4	Arabidopsis thaliana	Viridiplantae	599	False
Q3URS9	Mus musculus	Metazoa	406	False
Q19203	Caenorhabditis elegans	Metazoa	310	False
Q9M3B8	Arabidopsis thaliana	Viridiplantae	597	False
P0C5Y7	Schizosaccharomyces pombe (strain 972 / ATCC 24843)	Fungi	102	False
Q91ZX6	Mus musculus	Metazoa	588	False
O94585	Schizosaccharomyces pombe (strain 972 / ATCC 24843)	Fungi	187	False
A0A7J6KE60	Toxoplasma gondii	Other	652	True
F4J264	Arabidopsis thaliana	Viridiplantae	406	False
O74359	Schizosaccharomyces pombe (strain 972 / ATCC 24843)	Fungi	663	False
Q9BW27	Homo sapiens	Metazoa	656	False
P40491	Saccharomyces cerevisiae (strain ATCC 204508 / S288c)	Fungi	155	False
Q9VQ30	Drosophila melanogaster	Metazoa	604	False
Q6PH85	Homo sapiens	Metazoa	259	False
P52927	Mus musculus	Metazoa	108	False
Q3E7C1	Saccharomyces cerevisiae (strain ATCC 204508 / S288c)	Fungi	72	False
A0A1D8PN96	Candida albicans (strain SC5314 / ATCC MYA-2876)	Fungi	981	False
F4JTE7	Arabidopsis thaliana	Viridiplantae	298	False
P10914	Homo sapiens	Metazoa	325	False
Q8BGY7	Mus musculus	Metazoa	273	False
O74429	Schizosaccharomyces pombe (strain 972 / ATCC 24843)	Fungi	920	False
P51610	Homo sapiens	Metazoa	2035	False
Q9QXV1	Mus musculus	Metazoa	362	False
G1UH28	Punica granatum	Viridiplantae	299	False
Q9VEX9	Drosophila melanogaster	Metazoa	150	False
Q80TS7	Mus musculus	Metazoa	710	False
Q9LF79	Arabidopsis thaliana	Viridiplantae	1074	False
Q9CQT7	Mus musculus	Metazoa	168	False
Q8GT74	Arabidopsis thaliana	Viridiplantae	241	True
Q9SK50	Arabidopsis thaliana	Viridiplantae	539	False
O74504	Schizosaccharomyces pombe (strain 972 / ATCC 24843)	Fungi	791	False
P00425	Saccharomyces cerevisiae (strain ATCC 204508 / S288c)	Fungi	151	True
P22148	Saccharomyces cerevisiae (strain ATCC 204508 / S288c)	Fungi	382	False
Q9SRN4	Arabidopsis thaliana	Viridiplantae	117	False
P53859	Saccharomyces cerevisiae (strain ATCC 204508 / S288c)	Fungi	292	False
Q9UJS0	Homo sapiens	Metazoa	675	False
P12852	Chlamydomonas reinhardtii	Viridiplantae	199	False
O13612	Schizosaccharomyces pombe (strain 972 / ATCC 24843)	Fungi	415	False
Q98TA5	Xenopus laevis	Metazoa	896	False
O74879	Schizosaccharomyces pombe (strain 972 / ATCC 24843)	Fungi	634	False
O22682	Arabidopsis thaliana	Viridiplantae	404	False
P35293	Mus musculus	Metazoa	206	False
O75161	Homo sapiens	Metazoa	1426	False
Q9CQF3	Mus musculus	Metazoa	227	False
Q9SYM0	Arabidopsis thaliana	Viridiplantae	333	False
Q60560	Mesocricetus auratus	Metazoa	989	False
Q9Y512	Homo sapiens	Metazoa	469	False
Q8IZY2	Homo sapiens	Metazoa	2146	True
Q91WV7	Mus musculus	Metazoa	685	True
Q01080	Saccharomyces cerevisiae (strain ATCC 204508 / S288c)	Fungi	415	False
P07255	Saccharomyces cerevisiae (strain ATCC 204508 / S288c)	Fungi	59	True
Q9ER99	Mus musculus	Metazoa	582	False
O24164	Nicotiana tabacum	Viridiplantae	504	False
Q07020	Homo sapiens	Metazoa	188	False
Q12345	Saccharomyces cerevisiae (strain ATCC 204508 / S288c)	Fungi	250	False
P40757	Aquarana catesbeiana	Metazoa	484	False
Q9UPN3	Homo sapiens	Metazoa	7388	False
P07768	Oryctolagus cuniculus	Metazoa	1827	True
Q07845	Saccharomyces cerevisiae (strain ATCC 204508 / S288c)	Fungi	632	False
Q9N1F5	Sus scrofa	Metazoa	241	False
Q8LGJ5	Arabidopsis thaliana	Viridiplantae	276	False
P38110	Saccharomyces cerevisiae (strain ATCC 204508 / S288c)	Fungi	2787	False
Q54SM3	Dictyostelium discoideum	Other	179	False
Q8TB37	Homo sapiens	Metazoa	319	False
Q9EP97	Mus musculus	Metazoa	568	False
P20609	Dictyostelium discoideum	Other	53	False
Q12874	Homo sapiens	Metazoa	501	False
Q94AC8	Arabidopsis thaliana	Viridiplantae	274	False
Q9DBG9	Mus musculus	Metazoa	124	False
Q9SWI1	Arabidopsis thaliana	Viridiplantae	439	False
Q80VQ0	Mus musculus	Metazoa	468	False
Q9UNA4	Homo sapiens	Metazoa	740	False
F4HS99	Arabidopsis thaliana	Viridiplantae	1797	False
Q8IEK7	Plasmodium falciparum (isolate 3D7)	Other	87	False
G5ED47	Caenorhabditis elegans	Metazoa	413	False
A0A0U2X0E4	Mycosarcoma maydis	Fungi	443	False
O35473	Mus musculus	Metazoa	141	False
Q9DAM1	Mus musculus	Metazoa	415	False
Q6ZI01	Oryza sativa subsp. japonica	Viridiplantae	213	False
P32843	Saccharomyces cerevisiae (strain ATCC 204508 / S288c)	Fungi	850	False
B3DMA2	Rattus norvegicus	Metazoa	779	False
P38969	Saccharomyces cerevisiae (strain ATCC 204508 / S288c)	Fungi	423	False
Q8WUQ7	Homo sapiens	Metazoa	758	False
P20433	Saccharomyces cerevisiae (strain ATCC 204508 / S288c)	Fungi	221	False
P93758	Arabidopsis thaliana	Viridiplantae	274	False
O74434	Schizosaccharomyces pombe (strain 972 / ATCC 24843)	Fungi	626	False
Q1K8E0	Neurospora crassa (strain ATCC 24698 / 74-OR23-1A / CBS 708.71 / DSM 1257 / FGSC 987)	Fungi	256	False
Q8W4B1	Arabidopsis thaliana	Viridiplantae	652	False
P39988	Saccharomyces cerevisiae (strain ATCC 204508 / S288c)	Fungi	312	False
Q9D219	Mus musculus	Metazoa	1425	False
Q7SH52	Neurospora crassa (strain ATCC 24698 / 74-OR23-1A / CBS 708.71 / DSM 1257 / FGSC 987)	Fungi	1168	False
O81787	Arabidopsis thaliana	Viridiplantae	527	False
Q92317	Saccharomyces cerevisiae (strain ATCC 204508 / S288c)	Fungi	146	False
P38880	Saccharomyces cerevisiae (strain ATCC 204508 / S288c)	Fungi	579	False
Q12513	Saccharomyces cerevisiae (strain ATCC 204508 / S288c)	Fungi	150	False
Q76NM6	Plasmodium falciparum (isolate 3D7)	Other	611	False
I6PL68	Oryza sativa subsp. japonica	Viridiplantae	303	False
P38279	Saccharomyces cerevisiae (strain ATCC 204508 / S288c)	Fungi	296	True
Q9LX31	Arabidopsis thaliana	Viridiplantae	265	False
Q99LT0	Mus musculus	Metazoa	99	False
Q96GR2	Homo sapiens	Metazoa	724	False
Q10167	Schizosaccharomyces pombe (strain 972 / ATCC 24843)	Fungi	73	False
P40064	Saccharomyces cerevisiae (strain ATCC 204508 / S288c)	Fungi	1391	False
Q9NWS8	Homo sapiens	Metazoa	449	False
Q6B0I6	Homo sapiens	Metazoa	523	False
Q05541	Saccharomyces cerevisiae (strain ATCC 204508 / S288c)	Fungi	303	False
Q95QI7	Caenorhabditis elegans	Metazoa	892	False
A0A0B5KU17	Penicillium brevicompactum	Fungi	2190	False
Q9US14	Schizosaccharomyces pombe (strain 972 / ATCC 24843)	Fungi	268	False
Q92466	Homo sapiens	Metazoa	427	False
P25555	Saccharomyces cerevisiae (strain ATCC 204508 / S288c)	Fungi	427	False
M9MRD1	Drosophila melanogaster	Metazoa	12345	False
Q96EV2	Homo sapiens	Metazoa	1170	False
Q17569	Caenorhabditis elegans	Metazoa	389	False
Q3U2U7	Mus musculus	Metazoa	461	False
Q9D5P4	Mus musculus	Metazoa	561	False
P53921	Saccharomyces cerevisiae (strain ATCC 204508 / S288c)	Fungi	115	False
Q12952	Homo sapiens	Metazoa	345	False
P78811	Schizosaccharomyces pombe (strain 972 / ATCC 24843)	Fungi	506	False
P87052	Schizosaccharomyces pombe (strain 972 / ATCC 24843)	Fungi	344	False
P38883	Saccharomyces cerevisiae (strain ATCC 204508 / S288c)	Fungi	763	False
P90838	Caenorhabditis elegans	Metazoa	505	False
E9PRG8	Homo sapiens	Metazoa	123	False
P40505	Saccharomyces cerevisiae (strain ATCC 204508 / S288c)	Fungi	327	False
D4ACN8	Rattus norvegicus	Metazoa	147	True
Q96GX5	Homo sapiens	Metazoa	879	False
Q8NF91	Homo sapiens	Metazoa	8797	False
Q8LBM2	Arabidopsis thaliana	Viridiplantae	131	False
Q9BLG3	Dictyostelium discoideum	Other	431	True
Q7K556	Drosophila melanogaster	Metazoa	475	False
Q8BKA3	Mus musculus	Metazoa	608	False
Q4PLS0	Mus musculus	Metazoa	1046	False
O88484	Rattus norvegicus	Metazoa	530	False
P82916	Bos taurus	Metazoa	130	False
Q8GZR2	Euglena gracilis	Other	496	False
Q3T040	Bos taurus	Metazoa	242	False
P40167	Saccharomyces cerevisiae (strain ATCC 204508 / S288c)	Fungi	298	False
Q7SA60	Neurospora crassa (strain ATCC 24698 / 74-OR23-1A / CBS 708.71 / DSM 1257 / FGSC 987)	Fungi	228	False
F1MH24	Bos taurus	Metazoa	957	False
Q24400	Drosophila melanogaster	Metazoa	495	False
Q02297	Homo sapiens	Metazoa	640	False
Q02204	Saccharomyces cerevisiae (strain ATCC 204508 / S288c)	Fungi	264	False
Q9FRL5	Arabidopsis thaliana	Viridiplantae	309	False
O13838	Schizosaccharomyces pombe (strain 972 / ATCC 24843)	Fungi	371	False
P53266	Saccharomyces cerevisiae (strain ATCC 204508 / S288c)	Fungi	389	True
P80269	Solanum tuberosum	Viridiplantae	229	False
Q6NZF1	Mus musculus	Metazoa	792	False
Q3UK10	Mus musculus	Metazoa	175	False
P28715	Homo sapiens	Metazoa	1186	False
Q3E823	Saccharomyces cerevisiae (strain ATCC 204508 / S288c)	Fungi	68	False
Q99N92	Mus musculus	Metazoa	148	False
P21245	Candida boidinii	Fungi	423	True
Q949M9	Arabidopsis thaliana	Viridiplantae	353	False
Q9H227	Homo sapiens	Metazoa	469	False
C0HM53	Populus euphratica	Viridiplantae	510	False
Q9H5P4	Homo sapiens	Metazoa	1033	False
W2SDE2	Cyphellophora europaea (strain CBS 101466)	Fungi	346	False
Q9VRV7	Drosophila melanogaster	Metazoa	121	False
Q801E2	Xenopus laevis	Metazoa	1116	False
P33417	Saccharomyces cerevisiae (strain ATCC 204508 / S288c)	Fungi	597	False
P16649	Saccharomyces cerevisiae (strain ATCC 204508 / S288c)	Fungi	713	False
Q9Y4P1	Homo sapiens	Metazoa	393	False
S8EZA7	Toxoplasma gondii (strain ATCC 50611 / Me49)	Other	534	True
Q38CL4	Trypanosoma brucei brucei (strain 927/4 GUTat10.1)	Other	366	False
P38291	Saccharomyces cerevisiae (strain ATCC 204508 / S288c)	Fungi	140	False
P97450	Mus musculus	Metazoa	108	False
A8K830	Homo sapiens	Metazoa	251	False
P43116	Homo sapiens	Metazoa	358	True
Q9XIA7	Arabidopsis thaliana	Viridiplantae	54	True
Q7S054	Neurospora crassa (strain ATCC 24698 / 74-OR23-1A / CBS 708.71 / DSM 1257 / FGSC 987)	Fungi	300	False
Q9CR61	Mus musculus	Metazoa	137	False
O08586	Mus musculus	Metazoa	403	False
P38755	Saccharomyces cerevisiae (strain ATCC 204508 / S288c)	Fungi	437	False
Q9LVG4	Arabidopsis thaliana	Viridiplantae	495	False
P39682	Saccharomyces cerevisiae (strain ATCC 204508 / S288c)	Fungi	629	False
P39994	Saccharomyces cerevisiae (strain ATCC 204508 / S288c)	Fungi	560	False
P87310	Schizosaccharomyces pombe (strain 972 / ATCC 24843)	Fungi	144	False
O75616	Homo sapiens	Metazoa	437	False
Q557E7	Dictyostelium discoideum	Other	665	False
P34233	Saccharomyces cerevisiae (strain ATCC 204508 / S288c)	Fungi	588	False
Q9M2X3	Arabidopsis thaliana	Viridiplantae	295	False
P58418	Homo sapiens	Metazoa	232	True
Q9BT17	Homo sapiens	Metazoa	334	False
P22035	Saccharomyces cerevisiae (strain ATCC 204508 / S288c)	Fungi	811	False
Q8GWP5	Arabidopsis thaliana	Viridiplantae	426	False
Q66PJ3	Homo sapiens	Metazoa	237	False
Q9H1P3	Homo sapiens	Metazoa	480	False
A0A0K3AWP8	Caenorhabditis elegans	Metazoa	4022	True
Q969F9	Homo sapiens	Metazoa	1004	False
P39015	Saccharomyces cerevisiae (strain ATCC 204508 / S288c)	Fungi	273	False
E3Q1H1	Trypanosoma brucei brucei	Other	147	False
Q15751	Homo sapiens	Metazoa	4861	False
Q86TP1	Homo sapiens	Metazoa	453	False
Q9Z286	Rattus norvegicus	Metazoa	1608	False
Q8R4C2	Mus musculus	Metazoa	606	False
O88491	Mus musculus	Metazoa	2588	False
A0A0B5LB55	Penicillium brevicompactum	Fungi	433	False
Q8BWY7	Mus musculus	Metazoa	342	True
Q6L5B5	Oryza sativa subsp. japonica	Viridiplantae	248	False
Q3E7A4	Saccharomyces cerevisiae (strain ATCC 204508 / S288c)	Fungi	109	False
Q58DZ9	Rattus norvegicus	Metazoa	258	False
P24613	Spinacia oleracea	Viridiplantae	256	False
P25582	Saccharomyces cerevisiae (strain ATCC 204508 / S288c)	Fungi	841	False
Q9NZJ0	Homo sapiens	Metazoa	730	False
Q8LGB6	Arabidopsis thaliana	Viridiplantae	334	False
Q9USJ7	Schizosaccharomyces pombe (strain 972 / ATCC 24843)	Fungi	393	False
Q8N726	Homo sapiens	Metazoa	132	False
Q99732	Homo sapiens	Metazoa	161	False
Q9LKX9	Zea mays	Viridiplantae	867	False
Q01532	Saccharomyces cerevisiae (strain ATCC 204508 / S288c)	Fungi	483	False
P36877	Rattus norvegicus	Metazoa	443	False
Q02983	Saccharomyces cerevisiae (strain ATCC 204508 / S288c)	Fungi	363	False
Q5VTT2	Homo sapiens	Metazoa	229	False
O00562	Homo sapiens	Metazoa	1244	False
P53352	Gallus gallus	Metazoa	877	False
Q9VQ56	Drosophila melanogaster	Metazoa	611	False
Q9LNE8	Arabidopsis thaliana	Viridiplantae	200	False
Q13356	Homo sapiens	Metazoa	520	False
Q94CE5	Arabidopsis thaliana	Viridiplantae	504	False
Q9LQK7	Arabidopsis thaliana	Viridiplantae	475	False
Q12338	Saccharomyces cerevisiae (strain ATCC 204508 / S288c)	Fungi	110	False
Q9VPH0	Drosophila melanogaster	Metazoa	869	False
Q12056	Saccharomyces cerevisiae (strain ATCC 204508 / S288c)	Fungi	156	False
Q9SUA1	Arabidopsis thaliana	Viridiplantae	763	False
Q32MQ0	Homo sapiens	Metazoa	723	False
A0A1D8PRB7	Candida albicans (strain SC5314 / ATCC MYA-2876)	Fungi	1105	False
Q94234	Caenorhabditis elegans	Metazoa	204	False
Q59RW5	Candida albicans (strain SC5314 / ATCC MYA-2876)	Fungi	493	False
Q4V8P4	Rattus norvegicus	Metazoa	168	False
Q9WTJ6	Mus musculus	Metazoa	475	False
Q9Y118	Drosophila melanogaster	Metazoa	431	False
Q9NPG3	Homo sapiens	Metazoa	1134	False
Q9FIX1	Arabidopsis thaliana	Viridiplantae	172	False
P63002	Mus musculus	Metazoa	197	False
P49922	Sus scrofa	Metazoa	328	True
Q3UIU2	Mus musculus	Metazoa	128	True
Q9NP98	Homo sapiens	Metazoa	299	False
Q59RL7	Candida albicans (strain SC5314 / ATCC MYA-2876)	Fungi	853	False
Q9CQ75	Mus musculus	Metazoa	99	False
Q9BYN7	Homo sapiens	Metazoa	854	False
O35683	Mus musculus	Metazoa	70	True
Q6EMB2	Homo sapiens	Metazoa	1281	False
Q16581	Homo sapiens	Metazoa	482	True
Q96RQ3	Homo sapiens	Metazoa	725	False
Q04048	Saccharomyces cerevisiae (strain ATCC 204508 / S288c)	Fungi	859	False
P22135	Saccharomyces cerevisiae (strain ATCC 204508 / S288c)	Fungi	325	False
Q9FNN3	Arabidopsis thaliana	Viridiplantae	908	False
Q9NPG8	Homo sapiens	Metazoa	344	True
Q05921	Mus musculus	Metazoa	735	False
Q9SYM5	Arabidopsis thaliana	Viridiplantae	669	False
Q9FFD2	Arabidopsis thaliana	Viridiplantae	348	False
Q9Y6J0	Homo sapiens	Metazoa	2220	False
Q5H9R7	Homo sapiens	Metazoa	873	False
Q86YA3	Homo sapiens	Metazoa	2104	False
Q9SYD8	Arabidopsis thaliana	Viridiplantae	210	False
Q80Z30	Rattus norvegicus	Metazoa	750	False
Q96JN0	Homo sapiens	Metazoa	433	False
Q10154	Schizosaccharomyces pombe (strain 972 / ATCC 24843)	Fungi	240	False
Q8IXQ9	Homo sapiens	Metazoa	262	False
S0DPL8	Gibberella fujikuroi (strain CBS 195.34 / IMI 58289 / NRRL A-6831)	Fungi	389	False
O15068	Homo sapiens	Metazoa	1137	False
P25644	Saccharomyces cerevisiae (strain ATCC 204508 / S288c)	Fungi	796	False
Q9H6K1	Homo sapiens	Metazoa	298	False
A0A5B9G902	Aureobasidium melanogenum	Fungi	521	False
A0A509AKI1	Plasmodium berghei (strain Anka)	Other	836	False
P17937	Schizosaccharomyces pombe (strain 972 / ATCC 24843)	Fungi	249	False
Q4ZGE1	Schizosaccharomyces pombe (strain 972 / ATCC 24843)	Fungi	61	True
P53201	Saccharomyces cerevisiae (strain ATCC 204508 / S288c)	Fungi	476	False
Q9UUB5	Schizosaccharomyces pombe (strain 972 / ATCC 24843)	Fungi	329	False
O13563	Saccharomyces cerevisiae (strain ATCC 204508 / S288c)	Fungi	156	False
Q86XA0	Homo sapiens	Metazoa	190	False
Q8LDV3	Arabidopsis thaliana	Viridiplantae	185	False
P23230	Chlamydomonas reinhardtii	Viridiplantae	160	True
Q584D1	Trypanosoma brucei brucei (strain 927/4 GUTat10.1)	Other	639	False
Q7SA90	Neurospora crassa (strain ATCC 24698 / 74-OR23-1A / CBS 708.71 / DSM 1257 / FGSC 987)	Fungi	453	False
Q9NZM5	Homo sapiens	Metazoa	478	False
Q6S5L8	Homo sapiens	Metazoa	630	False
O49292	Arabidopsis thaliana	Viridiplantae	260	False
P15771	Gallus gallus	Metazoa	694	False
P25584	Saccharomyces cerevisiae (strain ATCC 204508 / S288c)	Fungi	144	True
Q86W50	Homo sapiens	Metazoa	562	False
Q9SCJ9	Arabidopsis thaliana	Viridiplantae	1067	False
Q9VYD1	Drosophila melanogaster	Metazoa	2313	False
Q12754	Saccharomyces cerevisiae (strain ATCC 204508 / S288c)	Fungi	1228	False
P30047	Homo sapiens	Metazoa	84	False
Q84SC3	Oryza sativa subsp. japonica	Viridiplantae	91	False
P40073	Saccharomyces cerevisiae (strain ATCC 204508 / S288c)	Fungi	367	True
P17987	Homo sapiens	Metazoa	556	False
Q9LW57	Arabidopsis thaliana	Viridiplantae	284	False
Q6EPN6	Oryza sativa subsp. japonica	Viridiplantae	222	False
P0DPG3	Trypanosoma brucei brucei	Other	75	False
Q9M3I4	Spinacia oleracea	Viridiplantae	90	False
Q8TAE8	Homo sapiens	Metazoa	222	False
Q9V968	Drosophila melanogaster	Metazoa	218	False
Q9ERG0	Mus musculus	Metazoa	753	False
Q497V6	Mus musculus	Metazoa	772	False
A0JNW5	Homo sapiens	Metazoa	1464	False
Q14432	Homo sapiens	Metazoa	1141	True
Q12182	Saccharomyces cerevisiae (strain ATCC 204508 / S288c)	Fungi	319	False
Q96EH3	Homo sapiens	Metazoa	234	False
Q05905	Saccharomyces cerevisiae (strain ATCC 204508 / S288c)	Fungi	244	False
Q9R085	Rattus norvegicus	Metazoa	952	False
Q0E3V2	Oryza sativa subsp. japonica	Viridiplantae	165	False
Q811D2	Mus musculus	Metazoa	1581	False
P06738	Saccharomyces cerevisiae (strain ATCC 204508 / S288c)	Fungi	902	False
Q9D4J1	Mus musculus	Metazoa	240	False
P0C7T6	Mus musculus	Metazoa	687	False
O09130	Mus musculus	Metazoa	412	False
Q8BGS1	Mus musculus	Metazoa	731	False
P32505	Saccharomyces cerevisiae (strain ATCC 204508 / S288c)	Fungi	525	False
Q10LI1	Oryza sativa subsp. japonica	Viridiplantae	260	False
Q6ZSB9	Homo sapiens	Metazoa	765	False
Q6ZPR5	Mus musculus	Metazoa	823	False
P53289	Saccharomyces cerevisiae (strain ATCC 204508 / S288c)	Fungi	263	False
Q9BRT2	Homo sapiens	Metazoa	126	False
Q7Z591	Homo sapiens	Metazoa	1439	False
P40486	Saccharomyces cerevisiae (strain ATCC 204508 / S288c)	Fungi	507	False
P92973	Arabidopsis thaliana	Viridiplantae	608	False
Q9NYJ1	Homo sapiens	Metazoa	87	False
P47128	Saccharomyces cerevisiae (strain ATCC 204508 / S288c)	Fungi	113	False
Q8BWT5	Mus musculus	Metazoa	1523	False
Q8JFY9	Xenopus laevis	Metazoa	292	False
O60150	Schizosaccharomyces pombe (strain 972 / ATCC 24843)	Fungi	361	False
P53330	Saccharomyces cerevisiae (strain ATCC 204508 / S288c)	Fungi	157	False
Q06672	Saccharomyces cerevisiae (strain ATCC 204508 / S288c)	Fungi	205	False
Q9C9T3	Arabidopsis thaliana	Viridiplantae	67	False
P32899	Saccharomyces cerevisiae (strain ATCC 204508 / S288c)	Fungi	183	False
P40202	Saccharomyces cerevisiae (strain ATCC 204508 / S288c)	Fungi	249	False
Q9SJ50	Arabidopsis thaliana	Viridiplantae	333	False
P18492	Hordeum vulgare	Viridiplantae	469	False
Q9LMT7	Arabidopsis thaliana	Viridiplantae	478	False
Q4WUK4	Aspergillus fumigatus (strain ATCC MYA-4609 / CBS 101355 / FGSC A1100 / Af293)	Fungi	609	False
Q94BT6	Arabidopsis thaliana	Viridiplantae	609	False
Q9P797	Schizosaccharomyces pombe (strain 972 / ATCC 24843)	Fungi	1142	False
Q689G9	Oryza sativa subsp. japonica	Viridiplantae	518	False
Q9CZG9	Mus musculus	Metazoa	140	False
Q9Y2B4	Homo sapiens	Metazoa	290	False
Q9ZST4	Arabidopsis thaliana	Viridiplantae	196	False
Q12139	Saccharomyces cerevisiae (strain ATCC 204508 / S288c)	Fungi	1133	False
E9AGH7	Leishmania infantum	Other	365	False
P22936	Saccharomyces cerevisiae (strain ATCC 204508 / S288c)	Fungi	367	False
P06843	Saccharomyces cerevisiae (strain ATCC 204508 / S288c)	Fungi	333	False
P54657	Dictyostelium discoideum	Other	213	False
Q8VYU8	Arabidopsis thaliana	Viridiplantae	396	False
Q10585	Schizosaccharomyces pombe (strain 972 / ATCC 24843)	Fungi	124	False
F4IXE7	Arabidopsis thaliana	Viridiplantae	1189	False
Q06188	Saccharomyces cerevisiae (strain ATCC 204508 / S288c)	Fungi	304	False
Q9GZL7	Homo sapiens	Metazoa	423	False
P82979	Homo sapiens	Metazoa	210	False
P32786	Saccharomyces cerevisiae (strain ATCC 204508 / S288c)	Fungi	894	False
Q9CQ79	Mus musculus	Metazoa	226	False
Q9S7G6	Arabidopsis thaliana	Viridiplantae	991	False
Q0WVH0	Arabidopsis thaliana	Viridiplantae	594	False
P25646	Saccharomyces cerevisiae (strain ATCC 204508 / S288c)	Fungi	442	False
P39112	Saccharomyces cerevisiae (strain ATCC 204508 / S288c)	Fungi	969	False
Q8BUE4	Mus musculus	Metazoa	373	True
F8VPU2	Mus musculus	Metazoa	1048	False
Q9Z309	Mus musculus	Metazoa	187	False
O77059	Drosophila melanogaster	Metazoa	542	False
Q9UFW8	Homo sapiens	Metazoa	167	False
P32245	Homo sapiens	Metazoa	332	True
Q9FNH6	Arabidopsis thaliana	Viridiplantae	231	True
Q18237	Caenorhabditis elegans	Metazoa	1076	False
P22354	Saccharomyces cerevisiae (strain ATCC 204508 / S288c)	Fungi	195	False
A0A075TRC0	Penicillium expansum	Fungi	1776	False
Q9CQT2	Mus musculus	Metazoa	265	False
F4JLC1	Arabidopsis thaliana	Viridiplantae	331	False
O59748	Schizosaccharomyces pombe (strain 972 / ATCC 24843)	Fungi	331	False
Q4VC44	Homo sapiens	Metazoa	716	False
Q9QZ04	Mus musculus	Metazoa	1284	False
Q33DK1	Oryza sativa subsp. japonica	Viridiplantae	203	False
O74829	Schizosaccharomyces pombe (strain 972 / ATCC 24843)	Fungi	516	True
Q9UN81	Homo sapiens	Metazoa	338	False
Q9NPB1	Homo sapiens	Metazoa	228	False
Q4VBD9	Mus musculus	Metazoa	706	False
Q06493	Saccharomyces cerevisiae (strain ATCC 204508 / S288c)	Fungi	454	False
D0VWM8	Caenorhabditis elegans	Metazoa	414	False
Q64378	Mus musculus	Metazoa	456	False
Q9R226	Mus musculus	Metazoa	346	False
Q94BT9	Arabidopsis thaliana	Viridiplantae	76	False
Q6PI48	Homo sapiens	Metazoa	645	False
P09596	Spinacia oleracea	Viridiplantae	121	False
Q0QWG9	Mus musculus	Metazoa	1203	False
Q96LW7	Homo sapiens	Metazoa	228	False
O74736	Schizosaccharomyces pombe (strain 972 / ATCC 24843)	Fungi	305	False
Q9D808	Mus musculus	Metazoa	123	True
Q12400	Saccharomyces cerevisiae (strain ATCC 204508 / S288c)	Fungi	293	False
Q920Q8	Mus musculus	Metazoa	642	False
Q6IPR1	Homo sapiens	Metazoa	90	False
Q14203	Homo sapiens	Metazoa	1278	False
Q8N5C7	Homo sapiens	Metazoa	304	False
Q15833	Homo sapiens	Metazoa	593	False
Q08282	Saccharomyces cerevisiae (strain ATCC 204508 / S288c)	Fungi	695	False
P57071	Homo sapiens	Metazoa	1141	False
P15325	Emericella nidulans (strain FGSC A4 / ATCC 38163 / CBS 112.46 / NRRL 194 / M139)	Fungi	533	True
O43597	Homo sapiens	Metazoa	315	False
Q9U3F4	Caenorhabditis elegans	Metazoa	603	False
Q9SIU2	Arabidopsis thaliana	Viridiplantae	848	False
P17558	Saccharomyces cerevisiae (strain ATCC 204508 / S288c)	Fungi	318	False
Q56A73	Homo sapiens	Metazoa	249	False
O96237	Plasmodium falciparum (isolate 3D7)	Other	899	False
Q91YM2	Mus musculus	Metazoa	1499	False
Q6ZPK0	Mus musculus	Metazoa	688	False
Q61136	Mus musculus	Metazoa	1007	False
P08638	Saccharomyces cerevisiae (strain ATCC 204508 / S288c)	Fungi	886	False
C4R3D4	Komagataella phaffii (strain GS115 / ATCC 20864)	Fungi	461	True
Q54TN2	Dictyostelium discoideum	Other	580	False
Q96C86	Homo sapiens	Metazoa	337	False
Q9H8M2	Homo sapiens	Metazoa	597	False
P21691	Saccharomyces cerevisiae (strain ATCC 204508 / S288c)	Fungi	654	False
D3ZVU9	Rattus norvegicus	Metazoa	299	False
P25801	Mus musculus	Metazoa	158	False
H9JBU5	Bombyx mori	Metazoa	157	True
Q940U6	Arabidopsis thaliana	Viridiplantae	316	False
Q9Y4P9	Homo sapiens	Metazoa	236	False
Q8VZB2	Arabidopsis thaliana	Viridiplantae	221	True
P02318	Bos taurus	Metazoa	51	False
P32336	Saccharomyces cerevisiae (strain ATCC 204508 / S288c)	Fungi	851	False
Q9UQY9	Schizosaccharomyces pombe (strain 972 / ATCC 24843)	Fungi	429	False
Q91ZW6	Rattus norvegicus	Metazoa	421	False
Q9VEB4	Drosophila melanogaster	Metazoa	560	False
Q94B35	Arabidopsis thaliana	Viridiplantae	466	False
Q9NH52	Caenorhabditis elegans	Metazoa	898	False
Q9QX74	Rattus norvegicus	Metazoa	1474	False
Q06681	Saccharomyces cerevisiae (strain ATCC 204508 / S288c)	Fungi	1438	False
P82669	Bos taurus	Metazoa	173	False
Q9BW66	Homo sapiens	Metazoa	212	False
Q09349	Caenorhabditis elegans	Metazoa	984	False
Q03824	Saccharomyces cerevisiae (strain ATCC 204508 / S288c)	Fungi	705	False
Q9M0V3	Arabidopsis thaliana	Viridiplantae	1088	False
O35445	Mus musculus	Metazoa	180	False
Q99615	Homo sapiens	Metazoa	494	False
Q8VXP3	Chlamydomonas reinhardtii	Viridiplantae	1115	False
O14322	Schizosaccharomyces pombe (strain 972 / ATCC 24843)	Fungi	313	False
Q02521	Saccharomyces cerevisiae (strain ATCC 204508 / S288c)	Fungi	185	False
Q9M0S5	Arabidopsis thaliana	Viridiplantae	764	False
Q4WF55	Aspergillus fumigatus (strain ATCC MYA-4609 / CBS 101355 / FGSC A1100 / Af293)	Fungi	462	False
A2A9C3	Mus musculus	Metazoa	3431	False
P36508	Homo sapiens	Metazoa	570	False
Q9P0R6	Homo sapiens	Metazoa	139	False
Q92766	Homo sapiens	Metazoa	1687	False
P70120	Mus musculus	Metazoa	167	False
O13712	Schizosaccharomyces pombe (strain 972 / ATCC 24843)	Fungi	844	False
Q02825	Saccharomyces cerevisiae (strain ATCC 204508 / S288c)	Fungi	467	False
O64517	Arabidopsis thaliana	Viridiplantae	418	False
P39707	Saccharomyces cerevisiae (strain ATCC 204508 / S288c)	Fungi	275	False
Q12208	Saccharomyces cerevisiae (strain ATCC 204508 / S288c)	Fungi	290	False
Q7TSD4	Mus musculus	Metazoa	393	False
P17677	Homo sapiens	Metazoa	238	False
Q9C5Q2	Arabidopsis thaliana	Viridiplantae	262	False
Q12181	Saccharomyces cerevisiae (strain ATCC 204508 / S288c)	Fungi	623	False
Q99K24	Mus musculus	Metazoa	317	True
I1RAW4	Gibberella zeae (strain ATCC MYA-4620 / CBS 123657 / FGSC 9075 / NRRL 31084 / PH-1)	Fungi	316	False
Q3U284	Mus musculus	Metazoa	315	True
Q95QD7	Caenorhabditis elegans	Metazoa	435	False
P27697	Saccharomyces cerevisiae (strain ATCC 204508 / S288c)	Fungi	501	False
P54861	Saccharomyces cerevisiae (strain ATCC 204508 / S288c)	Fungi	757	False
Q9M9L6	Arabidopsis thaliana	Viridiplantae	211	False
Q8MQX9	Drosophila melanogaster	Metazoa	1174	False
P49773	Homo sapiens	Metazoa	126	False
P08433	Scyliorhinus canicula	Metazoa	51	False
Q01448	Saccharomyces cerevisiae (strain ATCC 204508 / S288c)	Fungi	625	False
Q3YEC7	Homo sapiens	Metazoa	729	False
Q9VQD4	Drosophila melanogaster	Metazoa	274	False
Q9NY74	Homo sapiens	Metazoa	926	False
Q3UNH4	Mus musculus	Metazoa	932	False
Q9P7S6	Schizosaccharomyces pombe (strain 972 / ATCC 24843)	Fungi	274	False
Q9SGS4	Arabidopsis thaliana	Viridiplantae	302	False
O23403	Arabidopsis thaliana	Viridiplantae	287	False
Q61161	Mus musculus	Metazoa	821	False
Q8BHK1	Mus musculus	Metazoa	323	True
O82804	Arabidopsis thaliana	Viridiplantae	695	False
Q9D030	Mus musculus	Metazoa	160	False
Q8LAC4	Arabidopsis thaliana	Viridiplantae	322	False
Q9FMS5	Arabidopsis thaliana	Viridiplantae	672	False
O94468	Schizosaccharomyces pombe (strain 972 / ATCC 24843)	Fungi	213	False
O88713	Mus musculus	Metazoa	188	True
Q69ZF8	Mus musculus	Metazoa	577	False
Q64702	Mus musculus	Metazoa	925	False
Q9LZP8	Arabidopsis thaliana	Viridiplantae	146	False
O35671	Mus musculus	Metazoa	200	False
P32785	Saccharomyces cerevisiae (strain ATCC 204508 / S288c)	Fungi	401	False
Q924C5	Mus musculus	Metazoa	1680	False
P17256	Rattus norvegicus	Metazoa	395	False
Q5XVF0	Arabidopsis thaliana	Viridiplantae	666	False
Q9V7P1	Drosophila melanogaster	Metazoa	506	False
A0A509AQJ1	Plasmodium berghei (strain Anka)	Other	1340	False
Q9BQ52	Homo sapiens	Metazoa	826	False
Q9FX31	Arabidopsis thaliana	Viridiplantae	722	False
Q09821	Sus scrofa	Metazoa	138	False
Q9NXR7	Homo sapiens	Metazoa	383	False
P34250	Saccharomyces cerevisiae (strain ATCC 204508 / S288c)	Fungi	1132	False
Q95QW4	Caenorhabditis elegans	Metazoa	586	False
O13855	Schizosaccharomyces pombe (strain 972 / ATCC 24843)	Fungi	455	False
Q9HBL8	Homo sapiens	Metazoa	299	False
P68350	Arabidopsis thaliana	Viridiplantae	175	False
Q9Z2D7	Mus musculus	Metazoa	554	False
H2L006	Caenorhabditis elegans	Metazoa	451	True
Q10429	Schizosaccharomyces pombe (strain 972 / ATCC 24843)	Fungi	875	False
Q1MTR4	Schizosaccharomyces pombe (strain 972 / ATCC 24843)	Fungi	424	False
Q15849	Homo sapiens	Metazoa	920	False
Q9JK95	Mus musculus	Metazoa	193	True
Q9FNE9	Arabidopsis thaliana	Viridiplantae	349	False
O78750	Ovis aries	Metazoa	227	True
Q3TBT3	Mus musculus	Metazoa	378	True
Q06892	Saccharomyces cerevisiae (strain ATCC 204508 / S288c)	Fungi	414	False
Q95T19	Drosophila melanogaster	Metazoa	464	False
Q9UDX5	Homo sapiens	Metazoa	166	True
P53895	Saccharomyces cerevisiae (strain ATCC 204508 / S288c)	Fungi	289	False
P62854	Homo sapiens	Metazoa	115	False
P32521	Saccharomyces cerevisiae (strain ATCC 204508 / S288c)	Fungi	1480	False
O18381	Drosophila melanogaster	Metazoa	857	False
Q9BQ83	Homo sapiens	Metazoa	275	False
Q96B26	Homo sapiens	Metazoa	276	False
Q9W2H9	Drosophila melanogaster	Metazoa	541	False
Q11107	Caenorhabditis elegans	Metazoa	2248	False
Q3V2A7	Mus musculus	Metazoa	592	False
Q9Z0W3	Mus musculus	Metazoa	1402	False
P35817	Saccharomyces cerevisiae (strain ATCC 204508 / S288c)	Fungi	686	False
P05085	Saccharomyces cerevisiae (strain ATCC 204508 / S288c)	Fungi	880	False
P22681	Homo sapiens	Metazoa	906	False
O35250	Mus musculus	Metazoa	697	False
P40024	Saccharomyces cerevisiae (strain ATCC 204508 / S288c)	Fungi	610	False
O02274	Caenorhabditis elegans	Metazoa	539	False
Q7TQJ8	Mus musculus	Metazoa	398	False
Q7SHR9	Neurospora crassa (strain ATCC 24698 / 74-OR23-1A / CBS 708.71 / DSM 1257 / FGSC 987)	Fungi	316	False
O43808	Homo sapiens	Metazoa	307	True
P57742	Arabidopsis thaliana	Viridiplantae	151	False
Q8CG64	Mus musculus	Metazoa	494	True
Q6NPS8	Arabidopsis thaliana	Viridiplantae	623	False
Q8R3P9	Mus musculus	Metazoa	1054	False
Q584I8	Trypanosoma brucei brucei (strain 927/4 GUTat10.1)	Other	647	False
Q8N3V7	Homo sapiens	Metazoa	929	False
Q93442	Caenorhabditis elegans	Metazoa	2862	False
P86397	Homo sapiens	Metazoa	168	False
O59740	Schizosaccharomyces pombe (strain 972 / ATCC 24843)	Fungi	522	False
P51556	Rattus norvegicus	Metazoa	727	False
O14734	Homo sapiens	Metazoa	319	False
P21190	Saccharomyces cerevisiae (strain ATCC 204508 / S288c)	Fungi	360	False
P47164	Saccharomyces cerevisiae (strain ATCC 204508 / S288c)	Fungi	639	False
Q8GSJ6	Arabidopsis thaliana	Viridiplantae	154	True
Q04364	Saccharomyces cerevisiae (strain ATCC 204508 / S288c)	Fungi	514	False
O74547	Schizosaccharomyces pombe (strain 972 / ATCC 24843)	Fungi	422	False
P13164	Homo sapiens	Metazoa	125	True
Q7TNK1	Mus musculus	Metazoa	735	False
B2CW77	Homo sapiens	Metazoa	178	False
P40028	Saccharomyces cerevisiae (strain ATCC 204508 / S288c)	Fungi	759	False
P82869	Arabidopsis thaliana	Viridiplantae	466	False
P46669	Saccharomyces cerevisiae (strain ATCC 204508 / S288c)	Fungi	326	False
P82920	Bos taurus	Metazoa	87	False
Q9P7A0	Schizosaccharomyces pombe (strain 972 / ATCC 24843)	Fungi	319	False
P06168	Saccharomyces cerevisiae (strain ATCC 204508 / S288c)	Fungi	395	False
Q6ZVD8	Homo sapiens	Metazoa	1323	False
Q06324	Saccharomyces cerevisiae (strain ATCC 204508 / S288c)	Fungi	491	False
Q9C950	Arabidopsis thaliana	Viridiplantae	643	False
Q9Z2A5	Mus musculus	Metazoa	516	False
Q8R515	Rattus norvegicus	Metazoa	873	False
Q86YT5	Homo sapiens	Metazoa	568	True
P40041	Saccharomyces cerevisiae (strain ATCC 204508 / S288c)	Fungi	505	False
Q9NX46	Homo sapiens	Metazoa	363	False
Q03063	Saccharomyces cerevisiae (strain ATCC 204508 / S288c)	Fungi	452	False
O13395	Mycosarcoma maydis	Fungi	1180	False
P12624	Bos taurus	Metazoa	333	False
Q6SKR2	Mus musculus	Metazoa	214	False
Q8WXG6	Homo sapiens	Metazoa	1647	False
Q9LIQ6	Arabidopsis thaliana	Viridiplantae	234	False
F2Z699	Yarrowia lipolytica (strain CLIB 122 / E 150)	Fungi	582	False
Q9Y7L4	Schizosaccharomyces pombe (strain 972 / ATCC 24843)	Fungi	409	False
Q6ASS9	Oryza sativa subsp. japonica	Viridiplantae	123	False
P46963	Saccharomyces cerevisiae (strain ATCC 204508 / S288c)	Fungi	296	False
P40492	Saccharomyces cerevisiae (strain ATCC 204508 / S288c)	Fungi	516	False
P00396	Bos taurus	Metazoa	514	True
Q02950	Saccharomyces cerevisiae (strain ATCC 204508 / S288c)	Fungi	344	False
Q8CGB3	Mus musculus	Metazoa	1411	False
Q9Y6X9	Homo sapiens	Metazoa	1032	False
P52891	Saccharomyces cerevisiae (strain ATCC 204508 / S288c)	Fungi	726	False
P52960	Saccharomyces cerevisiae (strain ATCC 204508 / S288c)	Fungi	996	False
Q9Y5Q9	Homo sapiens	Metazoa	886	False
P40567	Saccharomyces cerevisiae (strain ATCC 204508 / S288c)	Fungi	111	False
Q9D8F1	Mus musculus	Metazoa	300	False
Q9VTZ2	Drosophila melanogaster	Metazoa	214	False
O94326	Schizosaccharomyces pombe (strain 972 / ATCC 24843)	Fungi	609	False
P39985	Saccharomyces cerevisiae (strain ATCC 204508 / S288c)	Fungi	1022	False
Q9H4Q4	Homo sapiens	Metazoa	367	False
P50077	Saccharomyces cerevisiae (strain ATCC 204508 / S288c)	Fungi	2039	False
Q9H6F5	Homo sapiens	Metazoa	360	False
Q9GRT1	Leishmania mexicana	Other	350	False
Q04491	Saccharomyces cerevisiae (strain ATCC 204508 / S288c)	Fungi	297	False
Q9H0G5	Homo sapiens	Metazoa	558	False
P0CG12	Homo sapiens	Metazoa	524	False
Q8WUG5	Homo sapiens	Metazoa	649	False
Q15067	Homo sapiens	Metazoa	660	False
Q02794	Saccharomyces cerevisiae (strain ATCC 204508 / S288c)	Fungi	444	False
Q9YH58	Gallus gallus	Metazoa	541	False
P46414	Mus musculus	Metazoa	197	False
A0A1B0GSN8	Mus musculus	Metazoa	89	True
Q5RI15	Homo sapiens	Metazoa	118	True
Q99PQ2	Mus musculus	Metazoa	467	False
P46959	Saccharomyces cerevisiae (strain ATCC 204508 / S288c)	Fungi	383	False
P47118	Saccharomyces cerevisiae (strain ATCC 204508 / S288c)	Fungi	141	False
P46681	Saccharomyces cerevisiae (strain ATCC 204508 / S288c)	Fungi	530	False
P29344	Spinacia oleracea	Viridiplantae	411	False
Q9R1T5	Rattus norvegicus	Metazoa	312	False
Q06211	Saccharomyces cerevisiae (strain ATCC 204508 / S288c)	Fungi	1407	False
P02786	Homo sapiens	Metazoa	760	True
F4IHS2	Arabidopsis thaliana	Viridiplantae	3574	False
O63075	Chlamydomonas reinhardtii	Viridiplantae	238	True
Q94A03	Arabidopsis thaliana	Viridiplantae	391	False
P52901	Arabidopsis thaliana	Viridiplantae	389	False
Q23405	Caenorhabditis elegans	Metazoa	842	False
Q9SKT0	Arabidopsis thaliana	Viridiplantae	300	False
A8MZ59	Homo sapiens	Metazoa	198	False
C8V329	Emericella nidulans (strain FGSC A4 / ATCC 38163 / CBS 112.46 / NRRL 194 / M139)	Fungi	508	True
Q1HG44	Homo sapiens	Metazoa	320	True
Q9ULJ3	Homo sapiens	Metazoa	1066	False
Q94AV5	Arabidopsis thaliana	Viridiplantae	459	False
F4IV16	Arabidopsis thaliana	Viridiplantae	267	False
Q8NE35	Homo sapiens	Metazoa	698	False
Q9CZP5	Mus musculus	Metazoa	418	True
P46778	Homo sapiens	Metazoa	160	False
P97411	Mus musculus	Metazoa	478	False
Q94K73	Arabidopsis thaliana	Viridiplantae	429	False
P38207	Saccharomyces cerevisiae (strain ATCC 204508 / S288c)	Fungi	520	False
P17789	Drosophila melanogaster	Metazoa	643	False
Q99PV0	Mus musculus	Metazoa	2335	False
Q9USP0	Schizosaccharomyces pombe (strain 972 / ATCC 24843)	Fungi	341	False
Q5TAX3	Homo sapiens	Metazoa	1644	False
O46385	Bos taurus	Metazoa	2194	False
Q9S7Z2	Arabidopsis thaliana	Viridiplantae	319	False
A0A0D1E3S6	Mycosarcoma maydis	Fungi	591	False
Q504T8	Homo sapiens	Metazoa	468	False
Q8NBI5	Homo sapiens	Metazoa	491	True
Q9H5U6	Homo sapiens	Metazoa	513	False
Q10362	Schizosaccharomyces pombe (strain 972 / ATCC 24843)	Fungi	859	False
Q9UGC7	Homo sapiens	Metazoa	380	False
Q96B42	Homo sapiens	Metazoa	140	True
Q12405	Saccharomyces cerevisiae (strain ATCC 204508 / S288c)	Fungi	387	False
A6NK89	Homo sapiens	Metazoa	507	False
P04386	Saccharomyces cerevisiae (strain ATCC 204508 / S288c)	Fungi	881	False
P25642	Saccharomyces cerevisiae (strain ATCC 204508 / S288c)	Fungi	146	False
P16603	Saccharomyces cerevisiae (strain ATCC 204508 / S288c)	Fungi	691	True
Q8S9K3	Arabidopsis thaliana	Viridiplantae	758	False
P00927	Saccharomyces cerevisiae (strain ATCC 204508 / S288c)	Fungi	576	False
P40530	Saccharomyces cerevisiae (strain ATCC 204508 / S288c)	Fungi	394	False
Q8N699	Homo sapiens	Metazoa	235	False
Q04073	Strongylocentrotus purpuratus	Metazoa	459	False
Q75QN2	Homo sapiens	Metazoa	995	False
Q9US07	Schizosaccharomyces pombe (strain 972 / ATCC 24843)	Fungi	662	False
Q9SEL5	Arabidopsis thaliana	Viridiplantae	222	False
G5EGK6	Caenorhabditis elegans	Metazoa	2407	False
Q9NRY6	Homo sapiens	Metazoa	295	False
P40035	Saccharomyces cerevisiae (strain ATCC 204508 / S288c)	Fungi	300	True
P43079	Candida albicans (strain SC5314 / ATCC MYA-2876)	Fungi	656	False
Q8IXP5	Homo sapiens	Metazoa	288	False
Q940X9	Arabidopsis thaliana	Viridiplantae	826	False
Q9QZI7	Rattus norvegicus	Metazoa	287	False
P36956	Homo sapiens	Metazoa	1147	False
Q60610	Mus musculus	Metazoa	1591	False
Q04003	Saccharomyces cerevisiae (strain ATCC 204508 / S288c)	Fungi	481	False
P32342	Saccharomyces cerevisiae (strain ATCC 204508 / S288c)	Fungi	167	False
Q9BUB7	Homo sapiens	Metazoa	260	False
Q9JLI8	Mus musculus	Metazoa	962	False
Q6NNL9	Arabidopsis thaliana	Viridiplantae	93	False
P40630	Mus musculus	Metazoa	243	False
Q9Y3U8	Homo sapiens	Metazoa	105	False
Q9SU50	Arabidopsis thaliana	Viridiplantae	626	True
Q8C886	Mus musculus	Metazoa	610	False
Q4KL25	Mus musculus	Metazoa	219	True
Q6PEM8	Mus musculus	Metazoa	459	True
Q12223	Saccharomyces cerevisiae (strain ATCC 204508 / S288c)	Fungi	238	False
P53718	Saccharomyces cerevisiae (strain ATCC 204508 / S288c)	Fungi	249	False
Q84JE8	Arabidopsis thaliana	Viridiplantae	694	False
Q8BKC5	Mus musculus	Metazoa	1097	False
P35658	Homo sapiens	Metazoa	2090	False
P36532	Saccharomyces cerevisiae (strain ATCC 204508 / S288c)	Fungi	105	False
P28070	Homo sapiens	Metazoa	264	False
O13998	Schizosaccharomyces pombe (strain 972 / ATCC 24843)	Fungi	392	False
P53885	Saccharomyces cerevisiae (strain ATCC 204508 / S288c)	Fungi	366	False
Q810M5	Mus musculus	Metazoa	347	True
Q9FL12	Arabidopsis thaliana	Viridiplantae	592	False
Q12457	Saccharomyces cerevisiae (strain ATCC 204508 / S288c)	Fungi	570	False
Q6P589	Homo sapiens	Metazoa	184	False
P31115	Saccharomyces cerevisiae (strain ATCC 204508 / S288c)	Fungi	442	False
O13826	Schizosaccharomyces pombe (strain 972 / ATCC 24843)	Fungi	254	False
Q12955	Homo sapiens	Metazoa	4377	False
O74518	Schizosaccharomyces pombe (strain 972 / ATCC 24843)	Fungi	336	False
P18911	Mus musculus	Metazoa	458	False
Q9M424	Solanum tuberosum	Viridiplantae	498	False
P08153	Saccharomyces cerevisiae (strain ATCC 204508 / S288c)	Fungi	709	False
Q04149	Saccharomyces cerevisiae (strain ATCC 204508 / S288c)	Fungi	632	False
Q12884	Homo sapiens	Metazoa	760	True
P42117	Neurospora crassa (strain ATCC 24698 / 74-OR23-1A / CBS 708.71 / DSM 1257 / FGSC 987)	Fungi	82	True
Q9W1R5	Drosophila melanogaster	Metazoa	1854	False
Q8BVN9	Mus musculus	Metazoa	434	False
Q38890	Arabidopsis thaliana	Viridiplantae	621	True
P50875	Saccharomyces cerevisiae (strain ATCC 204508 / S288c)	Fungi	604	False
Q9R1L5	Mus musculus	Metazoa	1570	False
Q6UWU4	Homo sapiens	Metazoa	347	True
Q9V3Z1	Drosophila melanogaster	Metazoa	484	False
Q6PI77	Homo sapiens	Metazoa	547	False
Q96EL1	Homo sapiens	Metazoa	287	False
Q9Y4U1	Homo sapiens	Metazoa	282	False
O48716	Arabidopsis thaliana	Viridiplantae	465	False
A9UHW6	Homo sapiens	Metazoa	222	False
Q8JZU0	Mus musculus	Metazoa	352	False
Q969X6	Homo sapiens	Metazoa	686	False
Q8N1G1	Homo sapiens	Metazoa	1221	False
Q7KWJ5	Plasmodium falciparum (isolate 3D7)	Other	504	True
Q91X52	Mus musculus	Metazoa	244	False
Q03071	Saccharomyces cerevisiae (strain ATCC 204508 / S288c)	Fungi	99	False
Q8WV93	Homo sapiens	Metazoa	481	False
Q3E747	Saccharomyces cerevisiae (strain ATCC 204508 / S288c)	Fungi	85	False
P34087	Saccharomyces cerevisiae (strain ATCC 204508 / S288c)	Fungi	171	False
Q03976	Saccharomyces cerevisiae (strain ATCC 204508 / S288c)	Fungi	319	False
Q94AL8	Arabidopsis thaliana	Viridiplantae	225	True
Q75WF1	Vanrija humicola	Fungi	370	False
Q9HD33	Homo sapiens	Metazoa	250	False
Q8N7J2	Homo sapiens	Metazoa	671	False
P14905	Saccharomyces cerevisiae (strain ATCC 204508 / S288c)	Fungi	389	False
O44548	Caenorhabditis elegans	Metazoa	877	False
P52503	Mus musculus	Metazoa	116	False
P53867	Saccharomyces cerevisiae (strain ATCC 204508 / S288c)	Fungi	494	False
Q9JL55	Rattus norvegicus	Metazoa	331	True
Q32P44	Homo sapiens	Metazoa	896	False
P40381	Schizosaccharomyces pombe (strain 972 / ATCC 24843)	Fungi	328	False
P53911	Saccharomyces cerevisiae (strain ATCC 204508 / S288c)	Fungi	425	False
Q04598	Saccharomyces cerevisiae (strain ATCC 204508 / S288c)	Fungi	105	False
Q8IWL3	Homo sapiens	Metazoa	235	False
Q41062	Pisum sativum	Viridiplantae	1011	False
Q03694	Saccharomyces cerevisiae (strain ATCC 204508 / S288c)	Fungi	420	False
P42845	Saccharomyces cerevisiae (strain ATCC 204508 / S288c)	Fungi	420	False
Q9BVN2	Homo sapiens	Metazoa	902	False
P60709	Homo sapiens	Metazoa	375	False
O23680	Arabidopsis thaliana	Viridiplantae	297	True
Q9NU22	Homo sapiens	Metazoa	5596	False
O43913	Homo sapiens	Metazoa	435	False
Q93V66	Arabidopsis thaliana	Viridiplantae	226	False
Q9BSN7	Homo sapiens	Metazoa	226	True
Q659A1	Homo sapiens	Metazoa	982	False
Q9Y3C5	Homo sapiens	Metazoa	154	False
Q9UI30	Homo sapiens	Metazoa	125	False
P12383	Saccharomyces cerevisiae (strain ATCC 204508 / S288c)	Fungi	1068	False
P34224	Saccharomyces cerevisiae (strain ATCC 204508 / S288c)	Fungi	193	False
P22907	Mus musculus	Metazoa	361	False
Q8CD10	Mus musculus	Metazoa	432	False
Q6PJW8	Homo sapiens	Metazoa	725	False
Q9UTQ7	Schizosaccharomyces pombe (strain 972 / ATCC 24843)	Fungi	523	False
P52296	Rattus norvegicus	Metazoa	875	False
P89105	Saccharomyces cerevisiae (strain ATCC 204508 / S288c)	Fungi	1077	False
Q12514	Saccharomyces cerevisiae (strain ATCC 204508 / S288c)	Fungi	560	False
A4IFH6	Bos taurus	Metazoa	52	True
P24118	Tetrahymena thermophila	Other	462	False
P39515	Saccharomyces cerevisiae (strain ATCC 204508 / S288c)	Fungi	158	True
A0A8I3PDQ1	Canis lupus familiaris	Metazoa	834	False
Q9H813	Homo sapiens	Metazoa	350	True
Q9S7I0	Arabidopsis thaliana	Viridiplantae	1307	False
Q06835	Saccharomyces cerevisiae (strain ATCC 204508 / S288c)	Fungi	107	False
Q9JII1	Mus musculus	Metazoa	647	False
Q8IVS2	Homo sapiens	Metazoa	390	False
Q08902	Saccharomyces cerevisiae (strain ATCC 204508 / S288c)	Fungi	515	True
Q8GXR9	Arabidopsis thaliana	Viridiplantae	519	False
Q8L4R0	Arabidopsis thaliana	Viridiplantae	350	False
Q17784	Caenorhabditis elegans	Metazoa	830	False
O82286	Arabidopsis thaliana	Viridiplantae	226	False
Q9VCP1	Drosophila melanogaster	Metazoa	424	False
Q9HAF1	Homo sapiens	Metazoa	191	False
Q9M394	Arabidopsis thaliana	Viridiplantae	471	False
Q12507	Saccharomyces cerevisiae (strain ATCC 204508 / S288c)	Fungi	346	False
Q6PCD5	Homo sapiens	Metazoa	774	False
Q99KP6	Mus musculus	Metazoa	504	False
G2XEY9	Verticillium dahliae (strain VdLs.17 / ATCC MYA-4575 / FGSC 10137)	Fungi	653	False
Q9C0N3	Neurospora crassa (strain ATCC 24698 / 74-OR23-1A / CBS 708.71 / DSM 1257 / FGSC 987)	Fungi	90	False
Q12374	Saccharomyces cerevisiae (strain ATCC 204508 / S288c)	Fungi	616	False
Q91W39	Mus musculus	Metazoa	579	False
H2QII6	Pan troglodytes	Metazoa	3224	False
Q1RNF8	Mus musculus	Metazoa	542	False
O13744	Schizosaccharomyces pombe (strain 972 / ATCC 24843)	Fungi	259	False
Q8N3J3	Homo sapiens	Metazoa	647	False
Q9V4C8	Drosophila melanogaster	Metazoa	1500	False
Q9Z1T5	Mus musculus	Metazoa	566	False
Q12235	Saccharomyces cerevisiae (strain ATCC 204508 / S288c)	Fungi	531	True
S8F527	Toxoplasma gondii (strain ATCC 50611 / Me49)	Other	1283	False
O59734	Schizosaccharomyces pombe (strain 972 / ATCC 24843)	Fungi	78	False
P38257	Saccharomyces cerevisiae (strain ATCC 204508 / S288c)	Fungi	691	False
Q9VGH1	Drosophila melanogaster	Metazoa	520	False
Q8IRH5	Drosophila melanogaster	Metazoa	733	False
Q7Z5K2	Homo sapiens	Metazoa	1190	False
P98081	Drosophila melanogaster	Metazoa	2224	False
Q94AQ8	Arabidopsis thaliana	Viridiplantae	348	False
Q9D4W2	Mus musculus	Metazoa	315	False
Q94AQ9	Arabidopsis thaliana	Viridiplantae	260	False
Q13889	Homo sapiens	Metazoa	308	False
Q9C5H9	Arabidopsis thaliana	Viridiplantae	678	False
P00918	Homo sapiens	Metazoa	260	False
P0DYC2	Talaromyces sp	Fungi	412	True
B5X582	Arabidopsis thaliana	Viridiplantae	709	False
Q8IWS0	Homo sapiens	Metazoa	365	False
P41895	Saccharomyces cerevisiae (strain ATCC 204508 / S288c)	Fungi	735	False
Q9CZL5	Mus musculus	Metazoa	136	False
Q9WVR8	Rattus norvegicus	Metazoa	610	False
P80484	Amphidinium carterae	Other	370	False
Q8IWZ4	Homo sapiens	Metazoa	224	False
Q02637	Drosophila melanogaster	Metazoa	449	False
P81760	Arabidopsis thaliana	Viridiplantae	236	False
Q7TQD2	Mus musculus	Metazoa	218	False
O75324	Homo sapiens	Metazoa	88	True
Q9Y6K0	Homo sapiens	Metazoa	416	True
Q9NVU0	Homo sapiens	Metazoa	708	False
Q04891	Mus musculus	Metazoa	613	False
Q0WR66	Arabidopsis thaliana	Viridiplantae	793	False
Q9ZT96	Arabidopsis thaliana	Viridiplantae	541	False
Q5VRD7	Oryza sativa subsp. japonica	Viridiplantae	53	True
P36038	Saccharomyces cerevisiae (strain ATCC 204508 / S288c)	Fungi	271	False
Q9USW5	Schizosaccharomyces pombe (strain 972 / ATCC 24843)	Fungi	262	False
Q9HGP5	Schizosaccharomyces pombe (strain 972 / ATCC 24843)	Fungi	268	False
P38197	Saccharomyces cerevisiae (strain ATCC 204508 / S288c)	Fungi	257	False
Q9FIB6	Arabidopsis thaliana	Viridiplantae	442	False
Q20646	Caenorhabditis elegans	Metazoa	644	False
O20029	Chlamydomonas reinhardtii	Viridiplantae	191	False
P47140	Saccharomyces cerevisiae (strain ATCC 204508 / S288c)	Fungi	327	False
Q07418	Saccharomyces cerevisiae (strain ATCC 204508 / S288c)	Fungi	342	False
P37382	Schizosaccharomyces pombe (strain 972 / ATCC 24843)	Fungi	297	False
Q9SWA6	Arabidopsis thaliana	Viridiplantae	432	False
Q9MBA1	Arabidopsis thaliana	Viridiplantae	536	False
O74824	Schizosaccharomyces pombe (strain 972 / ATCC 24843)	Fungi	308	False
Q9LVI9	Arabidopsis thaliana	Viridiplantae	426	False
Q84Q77	Oryza sativa subsp. japonica	Viridiplantae	161	False
Q10296	Schizosaccharomyces pombe (strain 972 / ATCC 24843)	Fungi	138	False
Q6PJP8	Homo sapiens	Metazoa	1040	False
Q8H1D9	Arabidopsis thaliana	Viridiplantae	605	False
Q9LS02	Arabidopsis thaliana	Viridiplantae	253	False
Q16635	Homo sapiens	Metazoa	262	False
Q8C0R7	Mus musculus	Metazoa	736	False
Q9UHB9	Homo sapiens	Metazoa	627	False
P25398	Homo sapiens	Metazoa	132	False
Q9AUE0	Arabidopsis thaliana	Viridiplantae	1950	False
Q12986	Homo sapiens	Metazoa	1120	False
Q9NWT6	Homo sapiens	Metazoa	349	False
Q9FN48	Arabidopsis thaliana	Viridiplantae	387	False
Q24174	Drosophila melanogaster	Metazoa	904	False
Q61827	Mus musculus	Metazoa	156	False
Q02864	Saccharomyces cerevisiae (strain ATCC 204508 / S288c)	Fungi	156	False
P53259	Saccharomyces cerevisiae (strain ATCC 204508 / S288c)	Fungi	346	False
Q5HYI7	Homo sapiens	Metazoa	312	False
O88286	Mus musculus	Metazoa	1684	False
P0CX38	Saccharomyces cerevisiae (strain ATCC 204508 / S288c)	Fungi	236	False
Q9STS7	Arabidopsis thaliana	Viridiplantae	353	False
Q9WUB9	Mesocricetus auratus	Metazoa	483	True
Q09961	Caenorhabditis elegans	Metazoa	148	False
D9PTN5	Caenorhabditis elegans	Metazoa	1009	False
Q9SU72	Arabidopsis thaliana	Viridiplantae	623	False
P40848	Schizosaccharomyces pombe (strain 972 / ATCC 24843)	Fungi	991	False
P26754	Saccharomyces cerevisiae (strain ATCC 204508 / S288c)	Fungi	273	False
Q96RK1	Homo sapiens	Metazoa	184	False
Q8CCE9	Mus musculus	Metazoa	783	False
Q9JKD9	Mus musculus	Metazoa	465	False
Q1XG89	Bombyx mori	Metazoa	1759	False
Q9ZVZ9	Arabidopsis thaliana	Viridiplantae	199	False
P0DO24	Arabidopsis thaliana	Viridiplantae	649	False
Q9UTQ4	Schizosaccharomyces pombe (strain 972 / ATCC 24843)	Fungi	244	False
Q9ESM6	Mus musculus	Metazoa	539	True
P30542	Homo sapiens	Metazoa	326	True
P43583	Saccharomyces cerevisiae (strain ATCC 204508 / S288c)	Fungi	2143	False
Q86WV1	Homo sapiens	Metazoa	359	False
Q38HM4	Mus musculus	Metazoa	350	False
Q9USU3	Schizosaccharomyces pombe (strain 972 / ATCC 24843)	Fungi	878	False
A7UL74	Arabidopsis thaliana	Viridiplantae	345	False
Q9H6E5	Homo sapiens	Metazoa	874	False
Q9SND6	Arabidopsis thaliana	Viridiplantae	342	False
Q9ZNT1	Arabidopsis thaliana	Viridiplantae	281	True
P39001	Saccharomyces cerevisiae (strain ATCC 204508 / S288c)	Fungi	836	False
Q9W6V6	Gallus gallus	Metazoa	2705	False
Q9BUK6	Homo sapiens	Metazoa	570	False
Q25825	Plasmodium falciparum (isolate 3D7)	Other	121	True
Q84K35	Arabidopsis thaliana	Viridiplantae	330	False
Q18171	Caenorhabditis elegans	Metazoa	424	False
O49562	Arabidopsis thaliana	Viridiplantae	403	False
P08456	Saccharomyces cerevisiae (strain ATCC 204508 / S288c)	Fungi	276	True
P32874	Saccharomyces cerevisiae (strain ATCC 204508 / S288c)	Fungi	2273	False
P02836	Drosophila melanogaster	Metazoa	552	False
Q08687	Saccharomyces cerevisiae (strain ATCC 204508 / S288c)	Fungi	178	False
P53034	Drosophila melanogaster	Metazoa	331	False
Q8W5B1	Arabidopsis thaliana	Viridiplantae	440	False
Q3U8K7	Mus musculus	Metazoa	883	False
P42114	Neurospora crassa (strain ATCC 24698 / 74-OR23-1A / CBS 708.71 / DSM 1257 / FGSC 987)	Fungi	124	False
A0A120KVR5	Trypanosoma brucei brucei	Other	1642	False
P33203	Saccharomyces cerevisiae (strain ATCC 204508 / S288c)	Fungi	583	False
Q15843	Homo sapiens	Metazoa	81	False
Q84MZ4	Arabidopsis thaliana	Viridiplantae	412	False
Q9C5W3	Arabidopsis thaliana	Viridiplantae	985	False
Q42606	Arabidopsis thaliana	Viridiplantae	369	False
P39522	Saccharomyces cerevisiae (strain ATCC 204508 / S288c)	Fungi	585	False
O60053	Schizosaccharomyces pombe (strain 972 / ATCC 24843)	Fungi	440	False
Q9HCU9	Homo sapiens	Metazoa	246	False
O55081	Rattus norvegicus	Metazoa	1135	False
Q8LPU4	Zea mays	Viridiplantae	468	False
P33897	Homo sapiens	Metazoa	745	False
Q9DEE9	Gallus gallus	Metazoa	396	False
Q93VR9	Arabidopsis thaliana	Viridiplantae	326	False
Q9H4K7	Homo sapiens	Metazoa	406	False
Q9Y3Z3	Homo sapiens	Metazoa	626	False
P38779	Saccharomyces cerevisiae (strain ATCC 204508 / S288c)	Fungi	376	False
Q9CAP8	Arabidopsis thaliana	Viridiplantae	691	False
Q9LU39	Arabidopsis thaliana	Viridiplantae	317	False
P30605	Saccharomyces cerevisiae (strain ATCC 204508 / S288c)	Fungi	584	True
Q9BZL6	Homo sapiens	Metazoa	878	False
P97609	Rattus norvegicus	Metazoa	1181	False
Q86V15	Homo sapiens	Metazoa	1759	False
P82249	Spinacia oleracea	Viridiplantae	130	False
Q9VBB3	Drosophila melanogaster	Metazoa	328	False
P15387	Rattus norvegicus	Metazoa	857	False
E2RU10	Giardia intestinalis (strain ATCC 50803 / WB clone C6)	Other	238	False
E9Q236	Mus musculus	Metazoa	1325	True
P53192	Saccharomyces cerevisiae (strain ATCC 204508 / S288c)	Fungi	235	True
P32767	Saccharomyces cerevisiae (strain ATCC 204508 / S288c)	Fungi	1081	False
B2RW88	Mus musculus	Metazoa	366	False
P38075	Saccharomyces cerevisiae (strain ATCC 204508 / S288c)	Fungi	228	False
Q9M2Z2	Arabidopsis thaliana	Viridiplantae	317	False
Q96529	Arabidopsis thaliana	Viridiplantae	490	False
Q5TCS8	Homo sapiens	Metazoa	1911	False
Q12018	Saccharomyces cerevisiae (strain ATCC 204508 / S288c)	Fungi	815	False
P40033	Saccharomyces cerevisiae (strain ATCC 204508 / S288c)	Fungi	138	False
S0DHV6	Gibberella fujikuroi (strain CBS 195.34 / IMI 58289 / NRRL A-6831)	Fungi	530	False
Q02447	Homo sapiens	Metazoa	781	False
Q9US06	Schizosaccharomyces pombe (strain 972 / ATCC 24843)	Fungi	456	False
Q3U6Q4	Mus musculus	Metazoa	756	False
P00423	Bos taurus	Metazoa	169	False
J9VUG5	Cryptococcus neoformans (strain H99 / ATCC 208821 / CBS 10515 / FGSC 9487)	Fungi	684	False
Q07362	Saccharomyces cerevisiae (strain ATCC 204508 / S288c)	Fungi	185	False
Q7S7U5	Neurospora crassa (strain ATCC 24698 / 74-OR23-1A / CBS 708.71 / DSM 1257 / FGSC 987)	Fungi	71	True
Q6PII3	Homo sapiens	Metazoa	467	False
Q90ZA1	Xenopus laevis	Metazoa	631	False
P36160	Saccharomyces cerevisiae (strain ATCC 204508 / S288c)	Fungi	344	False
Q7Z7H3	Homo sapiens	Metazoa	387	False
Q9UK33	Homo sapiens	Metazoa	172	False
C0HLF1	Dictyostelium discoideum	Other	154	False
O35613	Mus musculus	Metazoa	739	False
Q9VQB6	Drosophila melanogaster	Metazoa	971	False
F4HYD7	Arabidopsis thaliana	Viridiplantae	467	False
Q6PIZ9	Homo sapiens	Metazoa	186	True
Q6ZRQ5	Homo sapiens	Metazoa	1243	False
Q8C5S7	Mus musculus	Metazoa	591	False
Q9W252	Drosophila melanogaster	Metazoa	1318	False
Q9M5P2	Arabidopsis thaliana	Viridiplantae	289	False
P32790	Saccharomyces cerevisiae (strain ATCC 204508 / S288c)	Fungi	1244	False
O94617	Schizosaccharomyces pombe (strain 972 / ATCC 24843)	Fungi	475	False
Q00013	Homo sapiens	Metazoa	466	False
Q7TNS8	Mus musculus	Metazoa	369	False
P32347	Saccharomyces cerevisiae (strain ATCC 204508 / S288c)	Fungi	362	False
Q7XZF5	Arabidopsis thaliana	Viridiplantae	1841	False
Q9H875	Homo sapiens	Metazoa	184	False
F4I8I0	Arabidopsis thaliana	Viridiplantae	596	True
Q24143	Drosophila melanogaster	Metazoa	723	False
Q0WNB1	Arabidopsis thaliana	Viridiplantae	243	False
