accession	organism	kingdom	length	cleavage_pos
Q6UX46	Homo sapiens	Metazoa	152	24
P10124	Homo sapiens	Metazoa	158	27
P17948	Homo sapiens	Metazoa	1338	26
Q86SC0	Oryctes rhinoceros	Metazoa	66	26
Q9LRC8	Scutellaria baicalensis	Viridiplantae	527	25
P53366	Sus scrofa	Metazoa	188	21
P01903	Homo sapiens	Metazoa	254	25
P10040	Drosophila melanogaster	Metazoa	2146	83
A0A1S6EK92	Moringa oleifera	Viridiplantae	79	20
P32803	Saccharomyces cerevisiae (strain ATCC 204508 / S288c)	Fungi	203	20
P27275	Amaranthus caudatus	Viridiplantae	86	25
P98066	Homo sapiens	Metazoa	277	17
Q91XZ4	Mus musculus	Metazoa	772	28
O46166	Eratigena agrestis	Metazoa	68	17
Q8C1Q4	Mus musculus	Metazoa	291	21
P48819	Sus scrofa	Metazoa	459	19
Q13231	Homo sapiens	Metazoa	466	21
P42660	Aedes aegypti	Metazoa	471	19
P28319	Saccharomyces cerevisiae (strain ATCC 204508 / S288c)	Fungi	239	20
P15309	Homo sapiens	Metazoa	386	32
Q4WL81	Aspergillus fumigatus (strain ATCC MYA-4609 / CBS 101355 / FGSC A1100 / Af293)	Fungi	234	20
P04639	Rattus norvegicus	Metazoa	259	18
O14791	Homo sapiens	Metazoa	398	27
M1MR49	Rhipicephalus appendiculatus	Metazoa	176	24
O95866	Homo sapiens	Metazoa	241	17
Q9Y4X3	Homo sapiens	Metazoa	112	24
P86009	Dromaius novaehollandiae	Metazoa	238	17
P35053	Rattus norvegicus	Metazoa	558	23
Q02747	Homo sapiens	Metazoa	115	21
Q8T0W1	Pimpla hypochondriaca	Metazoa	115	22
P82358	Acanthoscurria gomesiana	Metazoa	84	23
Q9BWV1	Homo sapiens	Metazoa	1114	30
Q6T6C2	Theromyzon tessulatum	Metazoa	97	22
P0DMD3	Scolopendra mutilans	Metazoa	105	21
O76192	Galleria mellonella	Metazoa	167	17
Q00657	Rattus norvegicus	Metazoa	2326	29
P29007	Bombina orientalis	Metazoa	155	31
P11150	Homo sapiens	Metazoa	499	22
Q9GSA4	Galleria mellonella	Metazoa	113	19
P11021	Homo sapiens	Metazoa	654	18
O88188	Mus musculus	Metazoa	162	19
P01269	Sus scrofa	Metazoa	115	25
O96910	Aplysia californica	Metazoa	76	18
Q5BGU9	Emericella nidulans (strain FGSC A4 / ATCC 38163 / CBS 112.46 / NRRL 194 / M139)	Fungi	366	18
Q9NTU7	Homo sapiens	Metazoa	201	27
Q1HAY7	Holotrichia diomphalia	Metazoa	317	23
P82187	Equus caballus	Metazoa	185	20
Q9H5V8	Homo sapiens	Metazoa	836	29
E0D877	Aedes albopictus	Metazoa	564	25
P35613	Homo sapiens	Metazoa	385	21
A0A1W6EVM7	Ampulex compressa	Metazoa	50	26
P33767	Saccharomyces cerevisiae (strain ATCC 204508 / S288c)	Fungi	430	20
Q6F4C6	Pinctada fucata	Metazoa	121	16
P19438	Homo sapiens	Metazoa	455	29
P52706	Prunus serotina	Viridiplantae	563	27
P02809	Macaca fascicularis	Metazoa	61	19
Q4V645	Drosophila melanogaster	Metazoa	108	29
Q8RUW5	Arabidopsis thaliana	Viridiplantae	433	19
P18181	Mus musculus	Metazoa	240	22
Q13651	Homo sapiens	Metazoa	578	21
P01038	Gallus gallus	Metazoa	139	23
P01131	Bos taurus	Metazoa	845	21
P67876	Aspergillus restrictus	Fungi	176	27
Q9N4D8	Caenorhabditis elegans	Metazoa	123	17
Q9BXJ7	Homo sapiens	Metazoa	453	19
P23502	Entamoeba histolytica (strain ATCC 30459 / HM-1:IMSS / ABRM)	Other	1286	15
Q6UWN5	Homo sapiens	Metazoa	251	25
Q76CA2	Monoplex parthenopeus	Metazoa	275	23
O95715	Homo sapiens	Metazoa	111	34
C9K4X8	Patiria pectinifera	Metazoa	116	29
P80686	Tenebrio molitor	Metazoa	211	16
O00206	Homo sapiens	Metazoa	839	23
P12273	Homo sapiens	Metazoa	146	28
P10562	Canavalia gladiata	Viridiplantae	445	26
Q06K77	Phlebotomus duboscqi	Metazoa	336	21
P25404	Mirabilis jalapa	Viridiplantae	63	27
P02230	Chironomus thummi thummi	Metazoa	151	15
Q6UXL0	Homo sapiens	Metazoa	311	29
Q6UWY5	Homo sapiens	Metazoa	402	28
P13725	Homo sapiens	Metazoa	252	25
O60602	Homo sapiens	Metazoa	858	20
P16112	Homo sapiens	Metazoa	2530	16
Q55U20	Cryptococcus deneoformans (strain B-3501A)	Fungi	458	51
P0CX77	Saccharomyces cerevisiae (strain ATCC 204508 / S288c)	Fungi	362	25
Q25055	Holotrichia diomphalia	Metazoa	104	20
Q8WUJ3	Homo sapiens	Metazoa	1361	30
P18684	Protophormia terraenovae	Metazoa	101	18
Q5XM24	Dictyostelium discoideum	Other	494	18
Q8W257	Ptilota filicina	Other	500	21
P0DPU8	Scolopendra dehaani	Metazoa	105	24
Q96DR8	Homo sapiens	Metazoa	90	20
P14946	Lolium perenne	Viridiplantae	263	23
Q7TQN3	Mus musculus	Metazoa	571	29
P31608	Sagittaria sagittifolia	Viridiplantae	181	24
Q2U4L7	Aspergillus oryzae (strain ATCC 42149 / RIB 40)	Fungi	690	20
Q8SXL2	Drosophila melanogaster	Metazoa	136	24
P15247	Mus musculus	Metazoa	144	18
P48307	Homo sapiens	Metazoa	235	22
Q7Z5L0	Homo sapiens	Metazoa	202	24
Q9NPF0	Homo sapiens	Metazoa	282	35
Q64385	Mus musculus	Metazoa	432	23
P02780	Rattus norvegicus	Metazoa	95	18
P81264	Bos taurus	Metazoa	98	22
P13671	Homo sapiens	Metazoa	934	21
P25311	Homo sapiens	Metazoa	298	20
P04275	Homo sapiens	Metazoa	2813	22
P55955	Caenorhabditis elegans	Metazoa	132	19
P17690	Bos taurus	Metazoa	345	19
Q14392	Homo sapiens	Metazoa	662	19
Q9H6E4	Homo sapiens	Metazoa	229	22
P14448	Gallus gallus	Metazoa	741	18
Q8NAC3	Homo sapiens	Metazoa	791	20
P02659	Gallus gallus	Metazoa	106	24
P31419	Manduca sexta	Metazoa	161	20
P28770	Oncorhynchus mykiss	Metazoa	221	21
Q95NJ8	Olivierus martensii	Metazoa	55	23
Q9NSA1	Homo sapiens	Metazoa	209	28
P01137	Homo sapiens	Metazoa	390	29
Q8MMJ7	Opisthacanthus madagascariensis	Metazoa	68	23
P01139	Mus musculus	Metazoa	241	18
Q96PL1	Homo sapiens	Metazoa	93	21
Q99MA2	Rattus norvegicus	Metazoa	674	22
Q556R7	Dictyostelium discoideum	Other	303	24
P15270	Dictyostelium discoideum	Other	424	23
P06727	Homo sapiens	Metazoa	396	20
Q61789	Mus musculus	Metazoa	3330	31
P0DUQ6	Conus planorbis	Metazoa	70	21
Q6UW56	Homo sapiens	Metazoa	229	30
Q62867	Rattus norvegicus	Metazoa	317	24
P49259	Bos taurus	Metazoa	1463	20
P03998	Limulus polyphemus	Metazoa	195	20
P26010	Homo sapiens	Metazoa	798	19
Q9MYV1	Canis lupus familiaris	Metazoa	128	25
Q8TD06	Homo sapiens	Metazoa	166	21
P47710	Homo sapiens	Metazoa	185	15
P13686	Homo sapiens	Metazoa	325	21
P10820	Mus musculus	Metazoa	554	20
Q7SCE9	Neurospora crassa (strain ATCC 24698 / 74-OR23-1A / CBS 708.71 / DSM 1257 / FGSC 987)	Fungi	385	18
Q8T0Y7	Aplysia californica	Metazoa	141	26
Q76BW5	Oryza sativa subsp. japonica	Viridiplantae	290	25
Q9UNE0	Homo sapiens	Metazoa	448	26
C0H9B6	Salmo salar	Metazoa	413	19
Q09131	Glycine max	Viridiplantae	464	30
Q9NPA0	Homo sapiens	Metazoa	242	23
P42292	Gallus gallus	Metazoa	588	33
P02652	Homo sapiens	Metazoa	100	18
Q05895	Mus musculus	Metazoa	956	21
G1CWH6	Clitoria ternatea	Viridiplantae	122	25
Q9UHF4	Homo sapiens	Metazoa	553	29
P04706	Zea mays	Viridiplantae	223	19
Q8N4F0	Homo sapiens	Metazoa	458	20
Q8NBN3	Homo sapiens	Metazoa	555	21
Q8X150	Gaeumannomyces tritici	Fungi	618	16
P22301	Homo sapiens	Metazoa	178	18
Q868Z9	Drosophila melanogaster	Metazoa	2898	26
P55847	Penaeus japonicus	Metazoa	105	28
E0XKJ9	Tabanus yao	Metazoa	349	25
P01500	Apis mellifera	Metazoa	46	27
P41271	Homo sapiens	Metazoa	181	16
Q805F3	Xenopus laevis	Metazoa	397	16
C0HKM3	Conus purpurascens	Metazoa	458	18
P56722	Bos taurus	Metazoa	979	34
P22412	Sus scrofa	Metazoa	409	16
Q92154	Coturnix japonica	Metazoa	620	17
I6S390	Scolopendra mutilans	Metazoa	76	22
O61668	Olivierus martensii	Metazoa	88	18
Q02942	Blaberus discoidalis	Metazoa	726	16
P84843	Hybomitra bimaculata	Metazoa	76	20
P29421	Oryza sativa subsp. japonica	Viridiplantae	200	22
Q9Z0M9	Mus musculus	Metazoa	193	28
P45478	Bos taurus	Metazoa	306	27
O00105	Aspergillus niger	Fungi	564	19
P42098	Sus scrofa	Metazoa	421	22
P54660	Dictyostelium discoideum	Other	143	22
Q86T13	Homo sapiens	Metazoa	490	21
P0DPU7	Scolopendra dehaani	Metazoa	78	25
Q9NJ98	Manduca sexta	Metazoa	487	19
P19035	Bos taurus	Metazoa	96	23
P26780	Sinapis alba	Viridiplantae	99	30
Q6QD51	Rattus norvegicus	Metazoa	949	27
P29241	Aplysia californica	Metazoa	282	24
P35777	Solenopsis invicta	Metazoa	137	19
P29459	Homo sapiens	Metazoa	219	22
Q94637	Oscheius tipulae	Metazoa	1648	15
P42579	Lymnaea stagnalis	Metazoa	100	23
P28825	Mus musculus	Metazoa	747	20
P20462	Notamacropus eugenii	Metazoa	176	18
P0DPZ2	Scolopendra dehaani	Metazoa	101	23
Q27082	Tachypleus tridentatus	Metazoa	673	19
P68248	Gallus gallus	Metazoa	80	25
P09230	Yarrowia lipolytica (strain CLIB 122 / E 150)	Fungi	454	15
P31358	Homo sapiens	Metazoa	61	24
P79208	Ovis aries	Metazoa	603	16
P08603	Homo sapiens	Metazoa	1231	18
P09470	Mus musculus	Metazoa	1312	34
P05367	Mus musculus	Metazoa	122	19
P07712	Aplysia californica	Metazoa	112	23
Q07081	Aquarana catesbeiana	Metazoa	464	16
Q9YH85	Gallus gallus	Metazoa	2120	24
P39037	Sus scrofa	Metazoa	232	15
P24807	Mus musculus	Metazoa	76	26
P04552	Haliotis rufescens	Metazoa	154	18
P23142	Homo sapiens	Metazoa	703	29
P56829	Ovis aries	Metazoa	195	23
Q8WML4	Bos taurus	Metazoa	580	22
Q06KA5	Phlebotomus duboscqi	Metazoa	142	20
P18510	Homo sapiens	Metazoa	177	25
Q96S96	Homo sapiens	Metazoa	227	22
P15516	Homo sapiens	Metazoa	51	19
P19069	Cavia porcellus	Metazoa	1742	19
Q9LLT1	Juniperus virginiana	Viridiplantae	367	21
A0A023W145	Ethmostigmus rubripes	Metazoa	88	24
P85261	Actinidia chinensis var. chinensis	Viridiplantae	213	24
Q95P90	Olivierus martensii	Metazoa	94	22
Q01460	Rattus norvegicus	Metazoa	367	23
Q8N126	Homo sapiens	Metazoa	398	24
P80370	Homo sapiens	Metazoa	383	23
Q9NPR2	Homo sapiens	Metazoa	837	43
P11438	Mus musculus	Metazoa	406	24
P81941	Pseudopleuronectes americanus	Metazoa	68	22
P07727	Rattus norvegicus	Metazoa	457	28
